cell_type_str_custom	gene	p_val	avg_logFC	pct.1	pct.2	p_val_adj
CB FBs	LTBP4	2.6160186745874826e-49	-1.2531158277683994	0.685	0.971	5.695857460179326e-45
CB FBs	CFD	6.535632381655177e-48	-2.1378309364486174	0.636	0.96	1.4230032384577818e-43
CB FBs	SCARA5	1.063422927166884e-45	-1.368843007666148	0.239	0.816	2.3153907393204566e-41
CB FBs	SFRP1	6.422646915719851e-41	-1.4321391697280428	0.266	0.845	1.3984029129596832e-36
CB FBs	ITM2A	2.290196095320495e-40	-1.3219109460751977	0.325	0.833	4.986443958341314e-36
CB FBs	OSR2	6.779732332975503e-40	-0.9267747252901946	0.085	0.644	1.4761511208587563e-35
CB FBs	CP	5.010119283838743e-37	-0.8413570123922657	0.049	0.557	1.0908532716702095e-32
CB FBs	SOD3	1.1816816509874753e-34	-1.0120478562168134	0.607	0.925	2.5728754586950298e-30
CB FBs	SEMA3E	4.335393063576768e-34	-0.8819803570459562	0.043	0.506	9.439451317325698e-30
CB FBs	GSN	7.752728060055426e-34	-1.003583316085333	0.977	0.994	1.688001480515868e-29
CB FBs	FBLN2	6.574246942986235e-33	-1.147322341698292	0.328	0.782	1.431410786896393e-28
CB FBs	BGN	5.9289742033356e-32	1.0857982986125247	0.908	0.466	1.2909155532922603e-27
CB FBs	KRT24	1.0123985015412755e-31	-1.0584300119905459	0.007	0.414	2.204295257405819e-27
CB FBs	CADM3	3.7789158177251605e-30	-0.7672449200315035	0.095	0.552	8.227833409932992e-26
CB FBs	TXNIP	4.965552319262813e-30	-0.8970199739309506	0.948	0.989	1.0811497064730923e-25
CB FBs	COL6A3	9.7417050669677545e-30	0.8570867361473511	0.974	0.925	2.121061444230889e-25
CB FBs	TIMP3	2.4907640626620774e-29	-0.9008601878594911	0.646	0.931	5.423140593634141e-25
CB FBs	ADH1B	1.1926060608634298e-27	-0.9160136379481996	0.679	0.96	2.5966611763179457e-23
CB FBs	FGL2	3.0481303271332248e-27	-0.8611786047391656	0.216	0.661	6.63669416126717e-23
CB FBs	WISP2	9.570762455852559e-26	-0.9502467482975419	0.105	0.529	2.0838421095127776e-21
CB FBs	TGFBR3	1.2411544047576007e-25	-0.8321314315282824	0.348	0.73	2.702365485478724e-21
CB FBs	PDK4	1.9410900919889505e-25	-0.853644440882076	0.325	0.747	4.226335457287542e-21
CB FBs	CEBPD	3.608926851248309e-25	-0.9275942947438514	0.731	0.914	7.857716433222943e-21
CB FBs	SLPI	6.997837824626184e-25	-1.5407895539431622	0.118	0.517	1.523639229555859e-20
CB FBs	S100A4	9.111932226976883e-24	-0.8971394388055289	0.777	0.966	1.9839410037796766e-19
CB FBs	ASPN	1.0340565169445762e-23	0.9677453363319235	0.78	0.391	2.251451254343426e-19
CB FBs	PTN	1.5530350190191143e-23	-0.8897605443649187	0.295	0.701	3.3814231469103175e-19
CB FBs	IGFBP6	7.109580344904678e-22	-1.0854214636164474	0.689	0.908	1.5479689284960955e-17
CB FBs	SULF1	1.2642775149229841e-21	0.9632819912547315	0.692	0.293	2.7527114332418132e-17
CB FBs	DCN	2.109139091773736e-21	-0.8451942994953856	1	0.994	4.592228544518956e-17
CB FBs	ADAMTS1	4.401512684472801e-21	-0.8005515302080046	0.515	0.816	9.583413567902629e-17
CB FBs	KLF4	7.541502632952891e-21	-0.775782143087703	0.426	0.782	1.642011368272833e-16
CB FBs	TNXB	7.5497946747903e-21	-0.8045725468896789	0.413	0.764	1.6438167945420922e-16
CB FBs	PLAC9	9.698792330286775e-21	-0.8043471751161764	0.721	0.931	2.1117180540733396e-16
CB FBs	RARRES1	2.666716021472966e-20	1.089497852768718	0.662	0.282	5.806240793553089e-16
CB FBs	SEMA3C	2.6566386453802454e-18	-0.8319889915308901	0.259	0.603	5.784299322586409e-14
CB FBs	CLU	2.953565090698122e-18	-1.063885333954695	0.492	0.793	6.430797271977021e-14
CB FBs	EFEMP1	6.036756916448666e-18	-0.791634522608025	0.633	0.879	1.314383083418368e-13
CB FBs	COL4A1	1.2246065107506001e-16	0.5856498206341832	0.682	0.299	2.6663357558572818e-12
CB FBs	FN1	1.6288142059364824e-16	-1.167392280963198	0.807	0.874	3.5464171705855032e-12
CB FBs	UAP1	1.0415718587876134e-15	-0.7546278703734224	0.315	0.603	2.2678144081382708e-11
CB FBs	MFAP5	1.0471296029456672e-15	-0.9535635009235359	0.197	0.506	2.2799152844936012e-11
CB FBs	COL4A2	2.4640072621676668e-15	0.5481667273794428	0.708	0.402	5.364883011917661e-11
CB FBs	THBS4	8.128296809534089e-15	0.9527854146428234	0.443	0.098	1.7697740643398572e-10
CB FBs	IGFBP5	5.463608132709934e-14	-0.5460781357938169	0.551	0.816	1.1895913987349338e-9
CB FBs	SFRP4	1.1977379986503587e-13	1.2148251791159428	0.511	0.195	2.607834944461426e-9
CB FBs	TAGLN	8.089608473503019e-13	0.9931374467917271	0.531	0.218	1.7613504529358123e-8
CB FBs	IGF1	1.2701079610890847e-12	0.8397487342435772	0.731	0.494	2.765406063679264e-8
CB FBs	COL18A1	2.3606186341421174e-12	0.49961548329238004	0.649	0.374	5.139774952117632e-8
CB FBs	IGFBP4	5.081480361328353e-12	0.8284609460394112	0.908	0.816	1.1063907190720223e-7
CB FBs	BTG2	3.0553819152518396e-10	-0.5346428288747926	0.338	0.58	6.652483044077831e-6
CB FBs	CTGF	3.8396563948422723e-10	0.7301497536839248	0.715	0.489	8.360083868490079e-6
CB FBs	C1R	4.689860744261502e-10	-0.37598638073174273	0.977	0.994	1.0211233798480568e-5
CB FBs	CCL11	5.520423638780947e-10	0.9970443052514704	0.4	0.126	1.2019618388717757e-5
CB FBs	POSTN	7.693988113640943e-10	0.6717328699120929	0.207	0.006	1.6752120319830425e-5
CB FBs	RARRES2	8.458108544604105e-10	-0.38614865792261965	0.905	0.971	1.841583973416652e-5
CB FBs	TIMP1	4.0040839382919096e-7	0.8124241655984474	0.99	0.971	0.008718091958842974
CB FBs	C1S	2.414051857317563e-5	-0.2021628867166032	0.977	0.994	0.525611510893753
CB FBs	THY1	2.8860806125202853e-5	0.45857493342211275	0.803	0.741	0.6283863317640417
CB FBs	PRCP	9.870975353348998e-5	-0.23547455870883144	0.344	0.483	1
CB FBs	IGFBP7	1.4959126347364036e-4	0.41106808991955823	0.967	0.948	1
CB FBs	SERPINF1	3.904136835390736e-4	0.34267901565074177	0.984	0.914	1
CB FBs	APOE	0.009060355329875423	-0.5247984213960795	0.397	0.494	1
CB FBs	PLAT	0.0118410229751137	-0.2014711110397579	0.302	0.408	1
CB FBs	COL15A1	0.0122507527484927	0.2352330546686518	0.357	0.253	1
CB FBs	ACTA2	0.02424989826141239	0.4155509373910237	0.305	0.23	1
CB FBs	HLA-DRB1	0.07824420797274304	-0.08701427080540072	0.059	0.103	1
CB FBs	CD320	0.07905313848109882	-0.07607328424022947	0.223	0.293	1
CB FBs	EGR1	0.08781178443044772	-0.14422473291325266	0.882	0.718	1
CB FBs	PDPN	0.10829407331211993	0.10921399449603297	0.272	0.213	1
CB FBs	TGFBI	0.16170811877026486	-0.06160415422501722	0.108	0.069	1
CB FBs	COL12A1	0.31181603690398746	-0.1772657228071871	0.613	0.58	1
CB FBs	TFF3	0.444366930649746	-0.21669473674755707	0.134	0.155	1
CB FBs	PTGDS	0.7152869336706985	-0.040198463463724465	0.466	0.471	1
CB FBs	NNMT	0.984260466181417	0.04284756586774141	0.77	0.81	1
CB FBs	COL1A2	0.987401499696867	0.21523590643774737	0.977	0.994	1
UC FBs	COL12A1	4.775479147084192e-16	1.2988854421187916	0.651	0.122	1.0397650746946411e-11
UC FBs	IGFBP7	3.9949271973509594e-15	1.3474412587497528	0.953	0.72	8.698154986792244e-11
UC FBs	IGFBP5	4.9981953391701e-15	1.9791393912979613	0.795	0.341	1.0882570711975059e-10
UC FBs	PDPN	5.800241185113066e-13	0.861973694734104	0.591	0.134	1.262886513234668e-8
UC FBs	SULF1	9.023664781200682e-13	1.1967302909862556	0.581	0.134	1.9647225328108247e-8
UC FBs	C1R	1.0094814280534793e-11	0.8061179798981357	0.902	0.756	2.1979439133008406e-7
UC FBs	TAGLN	1.3530618169016867e-10	1.035787382961423	0.749	0.341	2.9460214939400424e-6
UC FBs	CTGF	3.85516276699777e-10	0.898956139581913	0.786	0.439	8.393845892584244e-6
UC FBs	THY1	7.89886035017379e-10	1.024370591160765	0.498	0.122	1.7198188640433393e-5
UC FBs	BGN	2.9978923729599284e-9	0.7916117500681865	0.428	0.073	6.527311063645652e-5
UC FBs	COL1A2	3.4444904033729134e-9	0.9430364004560778	0.953	0.78	7.499688955263844e-5
UC FBs	C1S	4.849408584201994e-9	0.5979781868016907	0.916	0.695	1.0558617310383002e-4
UC FBs	ACTA2	5.68713680844397e-9	0.9320511176392343	0.702	0.28	1.2382602973025057e-4
UC FBs	SERPINF1	5.744293213748233e-9	0.7773971757888258	0.819	0.561	1.2507049614294028e-4
UC FBs	TIMP1	1.094607299696901e-8	0.8483332087547628	0.921	0.805	2.3832884736300623e-4
UC FBs	HLA-DQA1	2.1278855564801577e-8	-1.2162614868698818	0.005	0.159	4.633045222124247e-4
UC FBs	HLA-DRB1	3.0006738313578745e-8	-2.5751983144441595	0.009	0.171	6.5333671330155e-4
UC FBs	TIMP3	4.084978310135144e-8	0.8543323038116216	0.619	0.28	8.89422327465725e-4
UC FBs	APOE	4.8742957302160824e-8	-0.8445720232308433	0.247	0.549	0.0010612804093399475
UC FBs	RARRES2	5.115508664184814e-8	0.7034569686769101	0.926	0.744	0.0011137997014529595
UC FBs	NNMT	9.77992147594967e-8	0.2747885614420993	0.842	0.561	0.0021293823029585215
UC FBs	CCL11	2.770133490794415e-7	2.1131686595381725	0.265	0	0.00603141164950668
UC FBs	IGFBP4	4.986815806955064e-7	0.7301252157590712	0.53	0.256	0.01085779405648326
UC FBs	CD36	8.587649062984792e-7	-0.19845093872383823	0	0.11	0.018697888304836787
UC FBs	FGL2	2.5064471650356314e-6	-1.0697256254730774	0.019	0.159	0.054572874124320804
UC FBs	COL18A1	3.523143484962131e-6	0.5857006363597805	0.553	0.293	0.07670940309808048
UC FBs	CADM3	7.254508181025509e-6	-0.16335135168262738	0.005	0.11	0.15795240662546842
UC FBs	DCN	7.983124481225591e-6	0.9781847400703408	0.595	0.366	0.1738165693297248
UC FBs	SEMA3E	9.426631703884954e-6	-0.21468213365242078	0.023	0.159	0.2052460520886871
UC FBs	PTGDS	1.6783752222225804e-5	0.8751663110680016	0.335	0.085	0.36543263713452245
UC FBs	COL6A3	3.1838054113566224e-5	0.528279426544354	0.888	0.756	0.6932099522146774
UC FBs	PTN	3.7855827974778355e-5	-0.5477583836384974	0.274	0.476	0.8242349424948491
UC FBs	TXNIP	5.5173218794504726e-5	-0.6510289416929242	0.828	0.915	1
UC FBs	SOD3	1.206259326918602e-4	0.4743353191871921	0.591	0.366	1
UC FBs	ENPP2	2.1755892025913378e-4	-0.28677194164990544	0.102	0.268	1
UC FBs	ADAMTS8	0.0012022665531896115	0.18499424627949887	0.163	0.024	1
UC FBs	PLAC9	0.0016444750835447825	0.28998639221073524	0.474	0.28	1
UC FBs	PDK4	0.001674373066243478	-0.4825776377765548	0.419	0.598	1
UC FBs	COL4A1	0.0023108051533878137	0.48055753563921677	0.73	0.573	1
UC FBs	FN1	0.004818554325773287	0.211789465292895	0.419	0.22	1
UC FBs	COL4A2	0.005501461874388886	0.3605880924907998	0.744	0.646	1
UC FBs	PCDH17	0.0184380809216455	0.10685870881125609	0.112	0.024	1
UC FBs	LTBP4	0.019769739374460957	-0.3694022037450917	0.777	0.768	1
UC FBs	POSTN	0.021291049547552877	-0.5868290506010787	0.744	0.683	1
UC FBs	GSN	0.03887953157434073	-0.22040124091451452	0.684	0.707	1
UC FBs	COL3A1	0.05829615038726873	0.19134309545652073	0.958	0.78	1
UC FBs	ADAMTS1	0.07447999958619726	-0.22489199455277087	0.377	0.256	1
UC FBs	COL15A1	0.08140757717091349	0.08177110635035748	0.186	0.098	1
UC FBs	RARRES1	0.11194390594390316	0.16421594707102175	0.14	0.073	1
UC FBs	IGFBP6	0.14761904214711596	0.07076196695890558	0.544	0.415	1
UC FBs	KLF4	0.17551220654625466	-0.2640072002149223	0.437	0.476	1
UC FBs	SCARA5	0.18000922524895321	0.16917968387586935	0.288	0.22	1
UC FBs	BTG2	0.1924449126248134	-0.1129911524256273	0.605	0.646	1
UC FBs	CFD	0.2812377740120111	0.271452444920089	0.642	0.585	1
UC FBs	TGFBR3	0.3133584997847928	-0.11662092047620606	0.121	0.159	1
UC FBs	EGR1	0.3816084892531968	0.017376781319741408	0.814	0.768	1
UC FBs	EFEMP1	0.3955648169561517	0.06443561401116199	0.26	0.207	1
UC FBs	CEBPD	0.46146390747395694	-0.024134407747866238	0.87	0.768	1
UC FBs	S100A4	0.4750889008940133	0.09713040622905145	0.665	0.61	1
UC FBs	CD320	0.49353457133429424	0.04865917046289672	0.14	0.11	1
UC FBs	ADH1B	0.5069801043511615	0.23175522064783122	0.186	0.159	1
UC FBs	PRCP	0.5145491452040059	-0.00912650163467893	0.26	0.207	1
UC FBs	TFF3	0.5500775471997303	-0.6738006536137477	0.126	0.146	1
UC FBs	PLAT	0.609883501435845	-0.3131695985602925	0.749	0.646	1
UC FBs	UAP1	0.6690992215493814	-0.0022105692984617786	0.181	0.159	1
UC FBs	FABP5	0.8193416008160193	0.0949052577462875	0.098	0.11	1
UC FBs	TGFBI	0.8913404966507426	-0.004876882036590757	0.721	0.683	1
CCL FBs	IGFBP5	2.105497901659465e-34	1.96156392493095	0.955	0.481	4.584300581283154e-30
CCL FBs	TIMP1	2.3904988806277347e-23	1.1734600407143938	0.982	0.832	5.204833212790766e-19
CCL FBs	COL18A1	5.877380182141758e-22	1.0146459667576408	0.929	0.692	1.279681987057725e-17
CCL FBs	IGFBP4	1.9497613696550146e-20	1.1007329156712697	0.875	0.486	4.2452154301498636e-16
CCL FBs	RARRES2	1.4552072553540729e-19	0.9734414027495546	0.946	0.85	3.168422757082423e-15
CCL FBs	TFPI2	7.28018858398811e-18	1.1899885865668884	0.75	0.294	1.585115460391731e-13
CCL FBs	PTGDS	7.994980423640649e-17	1.3875926196556516	0.848	0.556	1.7407470876392785e-12
CCL FBs	CCL11	9.16430529164435e-17	1.4888934849659181	0.857	0.519	1.9953441911497243e-12
CCL FBs	TGFBI	1.361256811408034e-15	0.8407964547302527	0.839	0.486	2.963864455478712e-11
CCL FBs	COL6A3	5.3149793966493e-15	0.7466574638163912	0.938	0.734	1.1572304640324521e-10
CCL FBs	TAGLN	3.9437149302498883e-13	0.8732373559321385	0.357	0.056	8.586650517633082e-9
CCL FBs	SERPINF1	2.8134523413133842e-12	0.7672520315582154	0.902	0.682	6.125729782741631e-8
CCL FBs	POSTN	4.020068455851195e-12	1.061413615549662	0.643	0.262	8.752895048924806e-8
CCL FBs	APOE	6.305446795772042e-12	-0.5925417255660359	0.83	0.991	1.3728849308434468e-7
CCL FBs	GSN	1.017232593415766e-11	-0.5384633285232092	0.929	0.977	2.2148205256441471e-7
CCL FBs	SOD3	3.4783219378222164e-10	-0.6578481548594666	0.598	0.78	7.573350355220311e-6
CCL FBs	CCL8	2.557388916452601e-9	-0.9117410117283171	0.482	0.762	5.568202887792248e-5
CCL FBs	BGN	4.695289203956833e-9	0.3101234614777382	0.277	0.051	1.0223053183775212e-4
CCL FBs	TXNIP	5.130325827715283e-9	-0.5682661161980946	0.955	0.963	1.1170258424684486e-4
CCL FBs	CP	9.939641089778062e-9	-0.4923454135880154	0.304	0.636	2.1641580544773774e-4
CCL FBs	IGFBP7	1.261988500302728e-8	0.5239334919659098	1	0.995	2.74772756170913e-4
CCL FBs	TNXB	1.7402331044751502e-8	-0.36075108347308366	0.134	0.449	3.789009538373745e-4
CCL FBs	SULF1	4.394894331021081e-8	0.6189037712827008	0.625	0.393	9.5690034269322e-4
CCL FBs	IGF1	6.986107009186472e-8	0.5223140007727509	0.482	0.21	0.0015210850791101704
CCL FBs	PTN	1.1356616964004793e-7	-0.5728003696241227	0.464	0.71	0.0024726762115727637
CCL FBs	PLAT	6.859278836308698e-7	0.6786527611952067	0.777	0.645	0.014934707810294929
CCL FBs	COL4A2	1.095189725979552e-6	0.3775575276148164	0.848	0.715	0.023845565903752784
CCL FBs	COL4A1	1.7135992091069487e-6	0.3885051771574074	0.741	0.528	0.037310195579885595
CCL FBs	PDPN	3.571117709987776e-6	0.36958307764113885	0.5	0.266	0.07775394589956384
CCL FBs	COL1A2	3.627435982833694e-6	0.43404465138730197	1	0.995	0.07898016365423802
CCL FBs	THY1	1.1185811747365004e-05	0.6031965700633002	0.786	0.603	0.24354867917537823
CCL FBs	LTBP4	1.189329239857581e-5	-0.2982157855808547	0.911	0.93	0.2589526553941911
CCL FBs	TIMP3	1.7968732024110946e-5	0.5055217369933169	0.884	0.762	0.39123320236096765
CCL FBs	EFEMP1	1.720604680191199e-4	-0.29919319047365045	0.33	0.547	1
CCL FBs	SEMA3E	2.4170808309087696e-4	-0.14659595542314896	0.009	0.131	1
CCL FBs	CEBPD	3.505945623855796e-4	-0.31546074128166746	0.955	0.986	1
CCL FBs	FBLN2	0.0013218553481026561	-0.2167344391025086	0.161	0.322	1
CCL FBs	RARRES1	0.001591895523451173	0.2341994958817989	0.304	0.159	1
CCL FBs	CTGF	0.002810790837902612	0.5565053655210304	0.607	0.467	1
CCL FBs	COL15A1	0.0028391760135179412	-0.2366413352066259	0.616	0.72	1
CCL FBs	COL12A1	0.003103618934725001	0.19447109084959258	0.375	0.234	1
CCL FBs	CD320	0.00821250300663436	0.0779439191339883	0.143	0.056	1
CCL FBs	SFRP1	0.010219628686021899	-0.15758795303717377	0.348	0.528	1
CCL FBs	DCN	0.02069364475681745	0.21972372295675457	0.982	0.953	1
CCL FBs	ASPN	0.021567251472392596	0.1379426757243861	0.196	0.107	1
CCL FBs	C1R	0.026971572800239225	0.22225029533699514	0.982	0.963	1
CCL FBs	S100A4	0.03188135884917138	0.008777123651384278	0.634	0.841	1
CCL FBs	KLF4	0.0320458340619749	-0.20400132475600086	0.643	0.724	1
CCL FBs	FN1	0.03229082543261302	-0.3975317455717853	0.679	0.724	1
CCL FBs	ACTA2	0.07158692692225971	0.3735446268580785	0.411	0.332	1
CCL FBs	ADH1B	0.11349970337425447	0.25695007272745896	0.812	0.804	1
CCL FBs	PDK4	0.11820385351525381	-0.21967248521317817	0.643	0.701	1
CCL FBs	SCARA5	0.12824845660425105	0.1262430993339103	0.795	0.785	1
CCL FBs	FABP5	0.14122625651712406	-0.16883232160930772	0.589	0.659	1
CCL FBs	PLAC9	0.15684459260058	-0.0487049405283424	0.732	0.785	1
CCL FBs	BTG2	0.1747299734067918	-0.12157409400545804	0.589	0.636	1
CCL FBs	EGR1	0.19218547191676674	-0.1978789684775366	0.884	0.883	1
CCL FBs	TGFBR3	0.1998003172146039	-0.0982215321596186	0.196	0.252	1
CCL FBs	COL3A1	0.2095605211452564	0.08292364121760665	0.991	0.995	1
CCL FBs	ADAMTS1	0.23385056019131908	-0.04670899796560768	0.643	0.766	1
CCL FBs	C1S	0.33729751588028917	-0.05989249879199443	0.991	0.981	1
CCL FBs	IGFBP6	0.4088293215020434	-0.021377344264143727	0.491	0.556	1
CCL FBs	NNMT	0.44710600901859343	0.019153831716791192	0.866	0.897	1
CCL FBs	UAP1	0.5635793021421012	-0.05648095293740385	0.205	0.229	1
CCL FBs	PRCP	0.7856789916364597	0.02843793532053357	0.375	0.369	1
Pericytes	ATP1A2	1.0357564393692139e-10	-0.7837917774299357	0.129	0.706	2.2551524954385896e-6
Pericytes	COL1A2	1.261807631306215e-6	1.569598534051363	0.996	0.824	0.027473337556430222
Pericytes	BGN	1.3523408566424577e-6	1.2990301928923444	0.92	0.529	0.029444517471676233
Pericytes	TIMP1	1.580401573991934e-6	1.964863573560858	0.972	0.706	0.03441008347052638
Pericytes	TXNIP	2.884215183606003e-6	-1.083451381553874	0.743	0.941	0.0627980171926535
Pericytes	SERPINF1	3.4691755310633217e-6	1.2418023741989854	0.651	0	0.07553435883784171
Pericytes	CD36	5.160848716208034e-6	-0.5748456884453044	0.333	0.941	0.11236715909799752
Pericytes	COL4A1	9.986399053399507e-6	1.6578132766203668	0.96	0.941	0.21743386658966746
Pericytes	COL4A2	4.631393259098736e-5	1.0404765168744856	0.968	0.941	1
Pericytes	IGFBP4	4.866885651687561e-5	1.1377924346929293	0.823	0.412	1
Pericytes	TAGLN	6.173620069658674e-5	1.3445309450754432	0.843	0.412	1
Pericytes	NNMT	6.631853175616278e-5	1.0606503138483638	0.711	0.235	1
Pericytes	COL18A1	8.410694632375144e-5	0.7775824510700986	0.964	0.941	1
Pericytes	THY1	9.576872216698635e-5	1.2521890803877949	0.876	0.529	1
Pericytes	COL3A1	2.9124379314026994e-4	1.1632449318820832	0.976	0.882	1
Pericytes	FGL2	3.258086131275629e-4	-0.20330905100013058	0.008	0.118	1
Pericytes	FN1	4.872463661643475e-4	1.7970999358593724	0.755	0.471	1
Pericytes	ACTA2	9.530873462514405e-4	1.2139380461976017	0.823	0.471	1
Pericytes	EFEMP1	0.0021318166002896478	-0.398461577730827	0.104	0.353	1
Pericytes	SULF1	0.002423114478630423	0.8122680090579887	0.373	0	1
Pericytes	C1R	0.002748955499257881	0.7736531729302092	0.799	0.647	1
Pericytes	POSTN	0.003347627405957245	1.6549716806601376	0.357	0	1
Pericytes	PLAC9	0.0039007373535539054	0.5367393226564879	0.47	0.118	1
Pericytes	COL15A1	0.005820670687152852	0.82231834491149	0.39	0.059	1
Pericytes	COL12A1	0.007248335513964585	0.6649625341352835	0.598	0.294	1
Pericytes	COL6A3	0.01310122674313529	0.9728912033908645	0.811	0.588	1
Pericytes	CTGF	0.01361922631123053	-0.1402177150529107	0.55	0.176	1
Pericytes	DCN	0.016489466458056747	0.4381253720788655	0.365	0.059	1
Pericytes	C1S	0.029096106645228922	0.5616368742782152	0.735	0.471	1
Pericytes	PLAT	0.03960637219940568	0.41542364399373133	0.422	0.176	1
Pericytes	APOE	0.055526148810170366	-0.07326980460349442	0.261	0.471	1
Pericytes	ENPP2	0.06371876129764421	-0.17580240521029714	0.032	0.118	1
Pericytes	ASPN	0.07136334306970205	0.43637835611937015	0.639	0.353	1
Pericytes	BTG2	0.07328048118098353	-0.24652859395676563	0.398	0.588	1
Pericytes	PDK4	0.07501945891931253	-0.315164718145613	0.185	0.353	1
Pericytes	GSN	0.07841763599815132	0.17655518814398707	0.867	0.706	1
Pericytes	IGFBP5	0.08776502596946069	1.0037466457282298	0.378	0.176	1
Pericytes	ADH1B	0.10322667342625652	-0.3488646365914551	0.036	0.118	1
Pericytes	UAP1	0.130385574909701	0.12799400117852994	0.12	0	1
Pericytes	TGFBR3	0.16275419167390462	0.117336706704542	0.104	0	1
Pericytes	KLF4	0.16711526699630383	-0.2769838368505571	0.165	0.294	1
Pericytes	SOD3	0.3747265921253188	0.22539002209208792	0.827	0.765	1
Pericytes	ADAMTS1	0.42999283170511954	0.18222153486598702	0.767	0.647	1
Pericytes	CCL8	0.43712212932629907	-0.2999038093957534	0.072	0.118	1
Pericytes	TGFBI	0.44244005768230965	0.06729576063345732	0.61	0.529	1
Pericytes	CEBPD	0.5079204844252321	0.3174747928230468	0.751	0.706	1
Pericytes	TIMP3	0.5174136808246843	0.08181746796807454	0.747	0.765	1
Pericytes	EGR1	0.5409537579620787	-0.7624269549322387	0.586	0.588	1
Pericytes	FABP5	0.5658500598193119	0.10544360319058965	0.321	0.235	1
Pericytes	TFF3	0.6402063030070766	0.006111071594317591	0.08	0.118	1
Pericytes	IGFBP6	0.643490035451372	-0.13381829550986457	0.39	0.294	1
Pericytes	PTN	0.6692947230470647	-0.4787161722575772	0.217	0.235	1
Pericytes	RARRES2	0.7120214784631116	-0.2532286708256235	0.622	0.588	1
Pericytes	S100A4	0.7149569546825174	-0.0881482586766762	0.59	0.588	1
Pericytes	CD320	0.9746267900525584	0.002533250246433555	0.12	0.118	1
Pericytes	LTBP4	0.9930612851262729	-0.008177026799678688	0.53	0.529	1
Pericytes	PRCP	0.9944590505095389	-0.09614866638526054	0.209	0.176	1
MyoFBs 1	BTG2	1.5866370740274635e-26	-1.0461454636454781	0.585	0.936	3.454584901279996e-22
MyoFBs 1	C1R	7.287780693168676e-25	1.0425291777560244	0.633	0.166	1.5867684903236157e-20
MyoFBs 1	C1S	1.2642471537018693e-20	0.75720412603798	0.57	0.139	2.75264532775508e-16
MyoFBs 1	S100A4	1.3627390497080105e-20	0.9516085399969649	0.908	0.674	2.967091732929251e-16
MyoFBs 1	NNMT	1.8597548973155818e-20	1.0229775986605882	0.667	0.283	4.0492443379252165e-16
MyoFBs 1	TIMP3	2.4550670565750777e-18	-0.627357221607681	0.802	0.984	5.345417502280917e-14
MyoFBs 1	IGFBP4	7.57934153878344e-18	1.326768540011349	0.652	0.321	1.6502500332393184e-13
MyoFBs 1	COL3A1	1.1456133124666648e-17	0.8216129922390174	0.58	0.198	2.494343865233669e-13
MyoFBs 1	FN1	1.4695145059061208e-17	1.0811426265119368	0.667	0.278	3.199573933709397e-13
MyoFBs 1	ATP1A2	1.730173694380701e-17	-0.5468156131684608	0.295	0.684	3.7671071847751e-13
MyoFBs 1	EGR1	5.689148809811768e-16	-0.8386583070792741	0.783	0.904	1.2386983703603164e-11
MyoFBs 1	PDK4	9.540774632620682e-16	-0.8305749540842373	0.594	0.877	2.077312860760501e-11
MyoFBs 1	TIMP1	8.492413713369012e-15	0.7903397871269093	0.729	0.465	1.8490532378118348e-10
MyoFBs 1	IGFBP7	4.543730579843096e-13	0.6441437048494558	1	0.995	9.893064591492373e-9
MyoFBs 1	TXNIP	4.20827505667255e-12	-0.5973979228122328	0.691	0.925	9.162677280893142e-8
MyoFBs 1	COL1A2	4.928405188291292e-12	0.6847142290033462	0.57	0.294	1.073061661646663e-7
MyoFBs 1	SULF1	1.0548680342211865e-10	0.48508119812992173	0.338	0.08	2.2967641709097896e-6
MyoFBs 1	BGN	1.5674985113112439e-10	0.544750428470042	0.865	0.765	3.412914508677971e-6
MyoFBs 1	COL15A1	1.64746256824455e-10	0.5670859082849986	0.338	0.08	3.587020249838859e-6
MyoFBs 1	SERPINF1	1.044330037608485e-9	0.4333889838892842	0.193	0.005	2.2738197908849544e-5
MyoFBs 1	ASPN	6.68427964072999e-9	0.28227733105283476	0.28	0.059	1.4553682061761407e-4
MyoFBs 1	COL4A2	6.131710381201952e-7	0.5519714039429717	0.647	0.545	0.01335057301299101
MyoFBs 1	COL18A1	2.965494331558946e-6	0.49064505641221356	0.816	0.733	0.06456770808103293
MyoFBs 1	TGFBI	1.4270462692256297e-5	0.31470494772144764	0.498	0.321	0.31071078419849635
MyoFBs 1	LTBP4	4.762137076882625e-5	0.23137165527066195	0.232	0.086	1
MyoFBs 1	COL4A1	5.3087984192512313e-05	0.5056137665487286	0.575	0.439	1
MyoFBs 1	CLU	1.8683604818703621e-4	0.5299570650513369	0.488	0.326	1
MyoFBs 1	SOD3	7.823064377411493e-4	0.2171358241822865	0.961	0.957	1
MyoFBs 1	COL12A1	0.0012650417058670893	0.1577783873983866	0.333	0.193	1
MyoFBs 1	ADAMTS8	0.0015597695071731994	-0.26471948278293234	0.13	0.251	1
MyoFBs 1	AQP1	0.004675919706394208	0.07735567253619981	0.116	0.037	1
MyoFBs 1	CCL8	0.005831016722302785	0.04499329778109287	0.121	0.043	1
MyoFBs 1	WISP2	0.021577948809047575	0.28386963931712506	0.14	0.07	1
MyoFBs 1	RARRES2	0.038209318184479125	-0.04161826578280714	0.425	0.561	1
MyoFBs 1	ACTA2	0.06098231637355499	-0.07995096278935909	0.99	0.995	1
MyoFBs 1	KLF4	0.06750766566283159	-0.047263039113486505	0.348	0.455	1
MyoFBs 1	APOE	0.10822252651555575	-0.14196147193434983	0.097	0.15	1
MyoFBs 1	CD320	0.13109502750698634	-0.047298187057042515	0.082	0.128	1
MyoFBs 1	IGFBP6	0.13679958204997406	-0.12720572359974613	0.237	0.299	1
MyoFBs 1	PLAC9	0.15025137460477792	0.13685524955850625	0.744	0.765	1
MyoFBs 1	IGFBP5	0.22680229715404002	0.05479899939753263	0.908	0.947	1
MyoFBs 1	ADAMTS1	0.24223950994360624	-0.0978006479941147	0.676	0.695	1
MyoFBs 1	PTN	0.31060061438624703	0.0688418048277884	0.174	0.139	1
MyoFBs 1	UAP1	0.3784640639122882	0.05122902781866523	0.155	0.123	1
MyoFBs 1	TGFBR3	0.39179256161868825	0.08359322675806102	0.227	0.203	1
MyoFBs 1	CTGF	0.41471722361819996	0.10424187779336647	0.343	0.321	1
MyoFBs 1	FABP5	0.48616619717011295	-0.0401873637843764	0.101	0.123	1
MyoFBs 1	PRCP	0.856513145381758	0.016709483889549154	0.106	0.102	1
MyoFBs 1	GSN	0.8589316649069523	-0.03422717916473461	0.826	0.866	1
MyoFBs 1	TFF3	0.9509084808364449	0.2233160692133697	0.13	0.128	1
MyoFBs 1	CEBPD	0.991815321217429	0.050592324347152884	0.768	0.84	1
MyoFBs 2	ADAMTS8	1.8516958299468181e-10	-0.9024974097418194	0.014	0.75	4.0316973305432074e-06
MyoFBs 2	SDC1	1.1202722458515955e-8	-1.0712133144799953	0.028	0.75	2.439168760892679e-4
MyoFBs 2	PLAC9	1.1661238687997434e-6	-0.9024974097418194	0.014	0.5	0.025390014995376815
MyoFBs 2	HLA-DQA1	2.867834525448501e-5	-0.22314355131420976	0	0.25	0.6244136112259021
MyoFBs 2	ATP1A2	3.880731667648733e-4	-0.3646431135879092	0.042	0.5	1
MyoFBs 2	C1R	0.001513110505361203	1.959703471187649	0.944	0	1
MyoFBs 2	C1S	0.0018074212840455063	1.8597641983421127	0.944	0.25	1
MyoFBs 2	ADH1B	0.00434232821277489	-1.1245877750713704	0.014	0.25	1
MyoFBs 2	S100A4	0.005712480849995618	-0.8402005985164418	0.167	0.75	1
MyoFBs 2	COL4A2	0.006171883251519361	1.013619075834717	0.903	0.25	1
MyoFBs 2	NNMT	0.006592404042469943	1.528468849900433	0.806	0	1
MyoFBs 2	COL3A1	0.012348514950474482	1.5885871169539096	0.917	0.25	1
MyoFBs 2	IGFBP4	0.012831597206880554	1.406913648322626	0.875	0.25	1
MyoFBs 2	TIMP1	0.01774818569496538	1.6157670474857477	0.931	0.25	1
MyoFBs 2	COL1A2	0.029915203636053	1.4028236630711013	0.764	0.25	1
MyoFBs 2	COL6A3	0.03803352001201805	0.8591323180342064	0.583	0	1
MyoFBs 2	SOD3	0.042648983845812706	1.455287232606842	0.944	1	1
MyoFBs 2	COL4A1	0.05218155423943023	0.7922380832041761	0.542	0	1
MyoFBs 2	SULF1	0.06374330155868646	0.7537718023763802	0.514	0	1
MyoFBs 2	IGFBP7	0.06410637881160673	0.9028677115420143	0.972	0.5	1
MyoFBs 2	SFRP4	0.08664219552571589	-0.15600424847658123	0.042	0.25	1
MyoFBs 2	CEBPD	0.10478613888999463	0.8766254754817235	0.889	1	1
MyoFBs 2	CTGF	0.11586184925912549	1.0893098960057963	0.417	0	1
MyoFBs 2	PTN	0.1407498847922177	0.4682660093471948	0.375	0	1
MyoFBs 2	GSN	0.14191874938647442	0.22947268636585716	0.917	0.25	1
MyoFBs 2	TGFBI	0.16401656127076802	0.5985312041850962	0.347	0	1
MyoFBs 2	PLAT	0.16551235450266788	0.44183275227903923	0.347	0	1
MyoFBs 2	IGFBP5	0.18280839283067407	-0.8352623168758593	0.444	0.75	1
MyoFBs 2	POSTN	0.20489186937882445	0.6791609385852054	0.306	0	1
MyoFBs 2	UAP1	0.2170843178631497	0.3384543978252041	0.292	0	1
MyoFBs 2	LTBP4	0.2227634166142041	-0.1303618178632435	0.069	0.25	1
MyoFBs 2	BGN	0.24140142942471396	0.5218754599525757	0.639	0.5	1
MyoFBs 2	RARRES1	0.24921378221137558	0.3384543978252041	0.264	0	1
MyoFBs 2	COL15A1	0.2638698557620138	0.28768207245178085	0.25	0	1
MyoFBs 2	TGFBR3	0.28309898704084546	0.2559333741372007	0.236	0	1
MyoFBs 2	SEMA3E	0.28393419447914436	0.28768207245178085	0.236	0	1
MyoFBs 2	IGFBP6	0.28446260335930973	0.5191244265806858	0.236	0	1
MyoFBs 2	COL12A1	0.30282103823656703	0.5355182363563623	0.222	0	1
MyoFBs 2	TIMP3	0.3275872997822964	0.007905179507113225	0.278	0.5	1
MyoFBs 2	FN1	0.34610667311242677	0.9096017437233583	0.736	0.75	1
MyoFBs 2	CD320	0.38678129335645683	0.15415067982725836	0.167	0	1
MyoFBs 2	TXNIP	0.38877149823163965	0.3913519706316997	0.958	1	1
MyoFBs 2	ACTA2	0.3956922723151056	0.09605812299551264	0.986	1	1
MyoFBs 2	EFEMP1	0.43893416670057517	0.14217448878054254	0.139	0	1
MyoFBs 2	AQP1	0.43925270456154575	0.15415067982725836	0.139	0	1
MyoFBs 2	RARRES2	0.5177771070964929	0.21036382466781078	0.889	0.5	1
MyoFBs 2	THY1	0.518220721569206	0.49965232316786545	0.444	0.25	1
MyoFBs 2	ADAMTS1	0.5616598981010659	-0.24340924877379289	0.361	0.5	1
MyoFBs 2	EGR1	0.6215011688001387	-0.7047080029610211	0.611	0.5	1
MyoFBs 2	KLF4	0.6535916741729327	0.20972053098206894	0.333	0.25	1
MyoFBs 2	PDK4	0.7430431498355747	-0.10008345855698242	0.444	0.25	1
MyoFBs 2	COL18A1	0.7628825123315712	0.054067221270275745	0.167	0.25	1
MyoFBs 2	CLU	0.8088648995954613	-0.07082605256861241	0.625	0.5	1
MyoFBs 2	PRCP	0.8825173778836785	-0.011173300598125185	0.208	0.25	1
MyoFBs 2	SEMA3C	0.9037491203266554	0.06453852113757108	0.264	0.25	1
MyoFBs 2	DCN	0.9129667045858847	0.30421137440299145	0.236	0.25	1
MyoFBs 2	BTG2	0.9274306286925482	0.10536051565782634	0.417	0.5	1
MyoFBs 2	ASPN	1	0.1915382118988786	0.236	0.25	1
Glia	WISP2	2.1796076984807624e-8	-0.9736398498126666	0.082	0.548	4.745659841902164e-4
Glia	PDK4	1.7656266094910275e-7	-1.1039667421545807	0.342	0.738	0.0038442988168448143
Glia	IGFBP5	2.1215380164589378e-7	1.3427664400446757	0.603	0.095	0.004619224723236046
Glia	TXNIP	6.060537698025234e-6	-0.7733985185760446	0.822	0.952	0.1319560872991034
Glia	ADAMTS1	0.0026909342849808404	0.21218309226617799	0.288	0.048	1
Glia	APOE	0.003158498255880008	1.7255025775599782	0.329	0.095	1
Glia	IGFBP7	0.00395803384686093	-0.46588653645540434	0.932	1	1
Glia	COL18A1	0.004426004445462895	0.4197817449077219	0.918	0.81	1
Glia	CEBPD	0.0046351492481141125	0.7798518247625477	0.493	0.238	1
Glia	TIMP1	0.005552975843924803	0.5018593423819708	0.726	0.595	1
Glia	COL12A1	0.006446299615356499	0.30113057828267425	0.205	0.024	1
Glia	PTN	0.007946023776615624	0.25329776887551775	0.247	0.048	1
Glia	SOD3	0.008680497067967806	0.372979652963676	0.151	0	1
Glia	TGFBI	0.00942914927067122	0.40450893273650934	0.192	0.024	1
Glia	FBLN2	0.011408431733447784	-0.3780728654562875	0.37	0.595	1
Glia	ATP1A2	0.012180565970326178	-0.38573573820185664	0.37	0.595	1
Glia	IGFBP4	0.0258459121325713	0.3157102451727836	0.425	0.214	1
Glia	C1R	0.029412742127597733	0.3308756816930556	0.589	0.405	1
Glia	ADAMTS8	0.031790522885388514	0.17464643117355466	0.151	0.024	1
Glia	GSN	0.03458215107420516	-0.2684918483974823	0.808	0.929	1
Glia	BTG2	0.04467471881608777	-0.009582789595992347	0.315	0.571	1
Glia	HLA-DRB1	0.05259179357807278	0.4652184333884575	0.521	0.333	1
Glia	TIMP3	0.05766596315653389	-0.27533428219707323	0.795	0.929	1
Glia	FN1	0.06497245739589928	0.6129617686407152	0.521	0.405	1
Glia	COL4A2	0.06759829056069726	-0.21631758624380992	0.466	0.69	1
Glia	NNMT	0.06855439802131659	0.4897946343334244	0.671	0.595	1
Glia	PDPN	0.07718437980124275	0.2775584792084077	0.274	0.143	1
Glia	ENPP2	0.08957619617328003	0.12892866187129956	0.151	0.048	1
Glia	PLAT	0.09187092646234996	0.28200787475794953	0.493	0.333	1
Glia	TFF3	0.10508530584428555	-0.1412824003008957	0.068	0.167	1
Glia	BGN	0.10770086139458877	0.18291697211371827	0.178	0.071	1
Glia	SFRP1	0.10856008898962885	0.40891838869992503	0.493	0.381	1
Glia	COL15A1	0.11541501096213642	0.1403573576949224	0.384	0.238	1
Glia	HLA-DQA1	0.11635871468812846	0.1296620685781745	0.178	0.071	1
Glia	SEMA3C	0.17470073144753645	0.17940787256679547	0.74	0.619	1
Glia	KLF4	0.23724624425266533	0.26976843134642514	0.466	0.381	1
Glia	C1S	0.2663215478118641	0.16388785510511672	0.493	0.357	1
Glia	COL3A1	0.31644876733325145	0.2945080375221807	0.493	0.452	1
Glia	CD320	0.3266212450842845	0.06464553595922612	0.164	0.095	1
Glia	COL1A2	0.37970743067358725	0.16340575313121342	0.795	0.833	1
Glia	IGFBP6	0.39740490213375995	0.17607544029700173	0.247	0.19	1
Glia	PLAC9	0.3978278803671505	0.16726481061484683	0.247	0.19	1
Glia	PCDH17	0.40090139639668126	0.14957401279984656	0.301	0.238	1
Glia	CTGF	0.4009707627481033	-0.0513100615172698	0.329	0.238	1
Glia	EGR1	0.4193110678405781	0.3406614170393094	0.534	0.5	1
Glia	PRCP	0.4779737422080184	0.03888789753006261	0.288	0.214	1
Glia	LTBP4	0.5108703419001291	-0.10497716692776615	0.562	0.619	1
Glia	CLU	0.526290592251702	0.4433781770264056	0.973	0.952	1
Glia	CADM3	0.5839619996793406	-0.09175486360204771	0.288	0.333	1
Glia	FGL2	0.6346400224512359	-0.06863244618119357	0.479	0.476	1
Glia	RARRES2	0.7359749251654086	-0.08162945549146339	0.562	0.452	1
Glia	S100A4	0.8041450748282406	-0.02678818898870361	0.712	0.976	1
Glia	AQP1	0.8223467580028183	0.030356462480594065	0.11	0.095	1
Glia	FABP5	0.8695040177689457	0.009737175277858279	0.11	0.095	1
Glia	COL4A1	0.8819645802031385	0.10473018005177137	0.575	0.619	1
Endothelial	AQP1	1.950567871158743e-23	1.3963217924508928	0.789	0.286	4.246971425873931e-19
Endothelial	TXNIP	9.003135875271783e-23	-0.9267608354158448	0.831	0.981	1.9602527741229253e-18
Endothelial	PCDH17	9.89627600646642e-22	1.1987440342431368	0.744	0.257	2.1547161748879334e-17
Endothelial	CD36	3.0857366471108245e-21	-1.1832746305165884	0.19	0.6	6.718574401754398e-17
Endothelial	CD320	3.7302181680974694e-19	-1.231096739087857	0.627	0.838	8.12180401739862e-15
Endothelial	COL15A1	4.144865869318914e-19	1.0091600930463578	0.842	0.457	9.024616457268071e-15
Endothelial	FABP5	3.2571290096348273e-18	-1.3816646947944677	0.595	0.838	7.09174699267791e-14
Endothelial	CA4	2.7478369741749495e-17	-0.7764969287653437	0.036	0.267	5.982865443871117e-13
Endothelial	PRCP	3.15303050106188e-16	0.8665820669159465	0.684	0.229	6.865093309962031e-12
Endothelial	PLAT	1.1969023549306135e-13	-1.0700985981195683	0.382	0.667	2.6060154973904245e-9
Endothelial	COL4A1	1.3434207533156737e-12	1.122604284398306	0.878	0.714	2.9250300061942163e-8
Endothelial	ENPP2	4.0818933363510696e-12	-0.901882756068473	0.463	0.733	8.887506361237184e-8
Endothelial	COL4A2	4.162788943431619e-12	0.9299630513851649	0.87	0.648	9.063640366533664e-8
Endothelial	FN1	8.266042207220517e-12	0.9358986707223279	0.569	0.19	1.799765369778123e-7
Endothelial	TFF3	1.9579594700381634e-11	-0.9583031252629146	0.168	0.448	4.263065154114093e-7
Endothelial	COL18A1	6.811765640779683e-11	0.5714943600506548	0.785	0.495	1.4831257329669605e-6
Endothelial	KLF4	5.301700675881277e-10	-0.5448660910873355	0.552	0.771	1.1543392881596305e-5
Endothelial	GSN	6.23067592873002e-10	-0.7530980783053984	0.846	0.905	1.3566050699623872e-5
Endothelial	IGFBP5	3.4972099248389115e-8	1.9338135211893457	0.267	0.019	7.614475169351763e-4
Endothelial	BGN	3.225901057041449e-6	0.4547563705690228	0.35	0.124	0.07023754371496346
Endothelial	EGR1	4.9111003138570915e-6	-0.6324458686863388	0.454	0.629	0.10692938713361046
Endothelial	FGL2	1.3708967763408403e-5	-0.3554387878920396	0.083	0.219	0.29848535511269114
Endothelial	IGFBP6	1.878209783118085e-5	-0.39319726222520246	0.128	0.276	0.4089426160783007
Endothelial	CTGF	3.1625489404153565e-5	-0.21701044241681666	0.556	0.771	0.6885817807966356
Endothelial	THY1	3.8290154924728686e-5	0.3946614166805542	0.26	0.076	0.8336915431761177
Endothelial	TAGLN	6.0731563929370376e-5	0.5929522082030145	0.203	0.038	1
Endothelial	BTG2	1.1993973715284563e-4	-0.41149196283029177	0.465	0.59	1
Endothelial	IGFBP7	1.214259362178789e-4	0.29947282464078473	0.979	0.914	1
Endothelial	TIMP3	2.2054019071870656e-4	-0.4708110576303366	0.697	0.781	1
Endothelial	ADAMTS1	2.734827686615924e-4	0.27096420025673873	0.599	0.41	1
Endothelial	CEBPD	5.264586645442602e-4	-0.491818284540007	0.478	0.629	1
Endothelial	EFEMP1	6.195788341777748e-4	-0.32268486784433714	0.1	0.219	1
Endothelial	COL12A1	9.959739436037323e-4	0.16014688203942393	0.16	0.038	1
Endothelial	POSTN	0.0010239317445769874	0.6877358204369256	0.315	0.162	1
Endothelial	TIMP1	0.002184767066463012	0.3333427422456221	0.847	0.762	1
Endothelial	TGFBR3	0.0034718303321356974	0.2633858872863616	0.508	0.362	1
Endothelial	C1R	0.009032202187817143	0.19666615485384636	0.281	0.162	1
Endothelial	C1S	0.011492930317858703	0.10774792862033566	0.137	0.048	1
Endothelial	CLU	0.0224162846998887	-0.7482946452248436	0.35	0.438	1
Endothelial	NNMT	0.023660929534348278	2.704286310257764e-4	0.718	0.552	1
Endothelial	LTBP4	0.04482877189939618	-0.05134151504528961	0.16	0.248	1
Endothelial	ACTA2	0.21832427902825643	0.340724410917126	0.115	0.076	1
Endothelial	IGFBP4	0.2505779597974813	-0.0795946092210209	0.93	0.933	1
Endothelial	PTGDS	0.28922730232071225	0.12967613917033566	0.175	0.133	1
Endothelial	RARRES2	0.29424082270246266	0.01882121768808237	0.081	0.114	1
Endothelial	S100A4	0.36200097351853283	0.13310757401254203	0.213	0.267	1
Endothelial	TNXB	0.4395542639599118	0.04441558239737453	0.222	0.19	1
Endothelial	COL1A2	0.4657097638297766	0.20397966644858595	0.111	0.086	1
Endothelial	PDK4	0.5350650696803394	-0.3238404897153122	0.599	0.581	1
Endothelial	COL3A1	0.5874880099923778	0.26950947187213553	0.113	0.095	1
Endothelial	FBLN2	0.5878627367709317	0.0036177949653019015	0.23	0.257	1
Endothelial	UAP1	0.6140085136441151	-4.593371765357346e-5	0.149	0.171	1
Endothelial	PLAC9	0.6558653263337826	-0.050987430678461454	0.169	0.143	1
Endothelial	SULF1	0.8768288137174256	0.042948230703424795	0.173	0.162	1
Endothelial	HLA-DRB1	0.912132737783679	-0.044490716948769826	0.561	0.562	1
Endothelial	ITM2A	0.9589984657292091	-0.01608870837896781	0.685	0.695	1
