cell_type_str_custom	Gene	key	Pathway	Normal	Tumor	diff
CAFs	VEGFB	ligands	VEGF	0	0.8267203740494917	0.8267203740494917
MyoFBs 2	LTBP1	ligands	TGFB	0.27465307216702745	0.9682002934579723	0.6935472212909448
MyoFBs 2	FGF7	ligands	FGF	0	0.674318876951076	0.674318876951076
CB FBs	IGF1	ligands	IGF	0.5524186486063852	1.178635985414583	0.6262173368081977
CAFs	WNT5A	ligands	WNT	0	0.5686766932754531	0.5686766932754531
CAFs	BMP4	ligands	BMP	0	0.5148108583187619	0.5148108583187619
Pericytes	NOTCH3	receptors	NOTCH	1.2521274615662723	1.7507848410242364	0.49865737945796407
MyoFBs 2	RSPO3	ligands	WNT AMP	0	0.4964076593482921	0.4964076593482921
CAFs	TGFBR1	receptors	TGFB	0	0.45953687047169467	0.45953687047169467
Pericytes	LRRC32	ligands	TGFB	0.12232009068704917	0.5575682959983331	0.43524820531128394
CAFs	WNT2	ligands	WNT	0	0.42147575279236166	0.42147575279236166
CAFs	LRRC32	ligands	TGFB	0	0.4068261355396838	0.4068261355396838
CAFs	NOTCH3	receptors	NOTCH	0	0.39586468122619184	0.39586468122619184
CAFs	WNT2B	ligands	WNT	0	0.38983569184305056	0.38983569184305056
CAFs	IGF1R	receptors	IGF	0	0.3747182975185979	0.3747182975185979
CCL FBs	IGF1	ligands	IGF	0.21016545968070344	0.5841922255103891	0.37402676582968564
CAFs	PTCH1	receptors	HEDGEHOG	0	0.3632048312941894	0.3632048312941894
MyoFBs 2	FZD7	receptors	WNT	0	0.3571126766004909	0.3571126766004909
MyoFBs 2	TNFRSF1A	receptors	TNFSF10	0.17328679513998632	0.5247836857025833	0.3514968905625969
MyoFBs 2	FST	ligands	TGFB	0	0.3451259235816667	0.3451259235816667
MyoFBs 2	IGF1R	receptors	IGF	0	0.3305912529215404	0.3305912529215404
CAFs	IGF1	ligands	IGF	0	0.32830703873244754	0.32830703873244754
CAFs	TGFB1	ligands	TGFB	0	0.31977511252662644	0.31977511252662644
MyoFBs 1	LTBP1	ligands	TGFB	0.5622102613418851	0.8743524350584855	0.31214217371660036
CAFs	ACVR1	receptors	TGFB	0	0.30761001246010194	0.30761001246010194
MyoFBs 2	BMPR2	receptors	BMP	0	0.29607866056337373	0.29607866056337373
Pericytes	TNFRSF1A	receptors	TNFSF10	0.21079523167388883	0.4960937360194496	0.2852985043455608
CAFs	FZD8	receptors	WNT	0	0.2819282409618452	0.2819282409618452
MyoFBs 2	ACVR1	receptors	TGFB	0	0.2768245722144863	0.2768245722144863
CCL FBs	LTBP1	ligands	TGFB	0.031045746416577907	0.2857471594178006	0.2547014130012227
CCL FBs	HGF	ligands	HGF	0.11391558109931994	0.36677797967152254	0.2528623985722026
MyoFBs 2	NOTCH2	receptors	NOTCH	0	0.24957931518638282	0.24957931518638282
Pericytes	JAG1	ligands	NOTCH	0.12924850454918937	0.3786000084188432	0.24935150386965385
Endothelial	VEGFC	ligands	VEGF	0.14959950090424545	0.38961533456125924	0.2400158336570138
CCL FBs	WNT5A	ligands	WNT	0.0639861896000164	0.2984892697360162	0.2345030801359998
MyoFBs 1	NOTCH3	receptors	NOTCH	1.172497973994075	1.3987168515171977	0.22621887752312264
Endothelial	FZD4	receptors	WNT	0.4701891192985045	0.6958148234164625	0.22562570411795801
MyoFBs 2	FGF2	ligands	FGF	0	0.22469376700265986	0.22469376700265986
CAFs	TGFB3	ligands	TGFB	0	0.22039045558121664	0.22039045558121664
Pericytes	VEGFB	ligands	VEGF	0.08154672712469944	0.29864959607817776	0.2171028689534783
CAFs	EPHA3	receptors	EPHRIN	0	0.21124906484661848	0.21124906484661848
UC FBs	TGFBR2	receptors	TGFB	0.47320427781888286	0.6829239010863575	0.20971962326747462
UC FBs	WNT4	ligands	WNT	0.19378377014316742	0.3986131397375683	0.20482936959440087
MyoFBs 2	TGFBR1	receptors	TGFB	0	0.202907434809412	0.202907434809412
UC FBs	WNT5A	ligands	WNT	0.498703840573195	0.6943977269998837	0.19569388642668867
Glia	HBEGF	ligands	EGF	0.1513358966832355	0.3445903795753422	0.19325448289210673
CAFs	LGR4	receptors	WNT AMP	0	0.19038254969124396	0.19038254969124396
Endothelial	JAG2	ligands	NOTCH	0.3001600129066666	0.48800813807604737	0.18784812516938076
MyoFBs 2	FGFR2	receptors	FGF	0	0.18454971480965757	0.18454971480965757
CB FBs	TGFB3	ligands	TGFB	0.09395316241946498	0.27713612975059826	0.18318296733113326
MyoFBs 2	EFNA1	ligands	EPHRIN	0	0.18269511213431697	0.18269511213431697
Endothelial	EFNB1	ligands	EPHRIN	0.18372825269906556	0.3610265718756379	0.17729831917657235
CAFs	EGFR	receptors	EGF	0	0.1737227813671756	0.1737227813671756
CCL FBs	TGFBR2	receptors	TGFB	0.587085559805721	0.7581095371019939	0.17102397729627294
Endothelial	EPHB4	receptors	EPHRIN	0.29035411369541747	0.46005491538469023	0.16970080168927276
Pericytes	TGFB1	ligands	TGFB	0.08154672712469944	0.25106257156397516	0.1695158444392757
Pericytes	ACVR1	receptors	TGFB	0	0.1612466685595896	0.1612466685595896
Glia	LTBP1	ligands	TGFB	0.016503504299046318	0.17719669688638345	0.16069319258733714
CCL FBs	BMP4	ligands	BMP	0.6112148002755514	0.7691664274811192	0.15795162720556777
UC FBs	WNT2B	ligands	WNT	0.1091021320261185	0.26618099567644343	0.15707886365032492
Pericytes	NOTCH2	receptors	NOTCH	0.10539761583694442	0.2616790843349175	0.1562814684979731
CCL FBs	EPHA7	receptors	EPHRIN	0.28913400772611536	0.44395720208314393	0.15482319435702857
Pericytes	LTBP1	ligands	TGFB	0.06462425227459469	0.21730345022070516	0.15267919794611046
CB FBs	EPHA3	receptors	EPHRIN	0.12612800126428322	0.27842479397390846	0.15229679270962523
CAFs	TNFRSF10B	receptors	TRAIL	0	0.15206358932658984	0.15206358932658984
MyoFBs 1	TNFRSF1A	receptors	TNFSF10	0.12791632751875556	0.2797010440909322	0.15178471657217665
CAFs	FZD2	receptors	WNT	0	0.1507966446685643	0.1507966446685643
Glia	TGFB1	ligands	TGFB	0	0.14709773007355853	0.14709773007355853
MyoFBs 2	TNFSF10	ligands	TRAIL	0	0.1460415381118828	0.1460415381118828
UC FBs	WNT2	ligands	WNT	0	0.14510522125028807	0.14510522125028807
CAFs	EFNB1	ligands	EPHRIN	0	0.1418346544164759	0.1418346544164759
Glia	BTC	ligands	EGF	0.016503504299046318	0.15820636317241235	0.14170285887336603
Glia	TNFRSF1A	receptors	TNFSF10	0.1251784612387567	0.2667642204136416	0.14158575917488492
MyoFBs 2	BMPR1B	receptors	BMP	0	0.1404100782770472	0.1404100782770472
Endothelial	INHBB	ligands	TGFB	0.348537424007459	0.4882023754134955	0.13966495140603646
Endothelial	BMPR2	receptors	BMP	0.9488773121473947	1.0872424152084754	0.13836510306108074
CAFs	EFNB2	ligands	EPHRIN	0	0.13376104222818297	0.13376104222818297
CAFs	FZD4	receptors	WNT	0	0.13135334177687527	0.13135334177687527
CAFs	INHBA	ligands	TGFB	0	0.13037158606717028	0.13037158606717028
CAFs	NOTCH1	receptors	NOTCH	0	0.12993012951318975	0.12993012951318975
CCL FBs	VEGFA	ligands	VEGF	0.2910287044929759	0.4191207252503872	0.12809202075741127
Endothelial	KDR	receptors	VEGF	0.7519766259524407	0.8790836037229699	0.12710697777052915
MyoFBs 1	FGF7	ligands	FGF	0.024408279098758482	0.1501806334440556	0.12577235434529713
Endothelial	TNFRSF10B	receptors	TRAIL	0.21847165707614824	0.3420622390086662	0.12359058193251798
Endothelial	LTBP1	ligands	TGFB	0.14747432422506251	0.26886702762143333	0.12139270339637082
CB FBs	LTBP1	ligands	TGFB	0.1968564507659132	0.31783232426370134	0.12097587349778813
Pericytes	BMPR2	receptors	BMP	0.30926443364869305	0.43017599587686217	0.12091156222816912
UC FBs	FZD8	receptors	WNT	0.042265071985362515	0.16205027487521403	0.11978520288985152
CCL FBs	VEGFB	ligands	VEGF	0.22331117051811014	0.34307435746988507	0.11976318695177493
CCL FBs	BMP7	ligands	BMP	0.012956022066541034	0.13101673060192173	0.1180607085353807
Pericytes	FZD10	receptors	WNT	0	0.11713022529331933	0.11713022529331933
Endothelial	TNFRSF1B	receptors	TNFSF10	0.2998136543907535	0.4143505473902042	0.11453689299945069
MyoFBs 2	VEGFA	ligands	VEGF	0	0.1131648212489437	0.1131648212489437
CAFs	HGF	ligands	HGF	0	0.11232141669825017	0.11232141669825017
CAFs	EPHB3	receptors	EPHRIN	0	0.10937614956913518	0.10937614956913518
UC FBs	HGF	ligands	HGF	0.059171100779507525	0.1682323025369812	0.10906120175747369
CAFs	TGFB2	ligands	TGFB	0	0.10757163823330235	0.10757163823330235
CCL FBs	FGF7	ligands	FGF	0.4260624506501382	0.5325806966844071	0.1065182460342689
MyoFBs 2	FGFR1	receptors	FGF	0	0.10589748591888053	0.10589748591888053
UC FBs	BMP4	ligands	BMP	0.9241084282068083	1.0295978316148526	0.10548940340804436
UC FBs	LRRC32	ligands	TGFB	0.10143617276487005	0.20681201278095135	0.1053758400160813
Endothelial	LRRC32	ligands	TGFB	0.3796558753549127	0.4839445604983623	0.10428868514344963
UC FBs	VEGFB	ligands	VEGF	0.20781704197008355	0.31090460908355666	0.10308756711347311
UC FBs	ACVR1	receptors	TGFB	0.09298315836779754	0.19562773477312675	0.10264457640532922
MyoFBs 2	BMPR1A	receptors	BMP	0	0.10190190157927247	0.10190190157927247
Endothelial	HBEGF	ligands	EGF	0.2426523606100366	0.34430293610065793	0.10165057549062134
CAFs	AREG	ligands	EGF	0	0.10075661560045328	0.10075661560045328
UC FBs	EFNB2	ligands	EPHRIN	0.016906028794145007	0.11655715129858445	0.09965112250443944
Endothelial	MET	receptors	HGF	0.11160917665125238	0.21092484438427378	0.0993156677330214
CB FBs	NOTCH3	receptors	NOTCH	0.06006007024665513	0.15685477538365436	0.09679470513699923
CCL FBs	BMPR2	receptors	BMP	0.26994878076891504	0.36631265823278136	0.09636387746386632
CAFs	BMP2	ligands	BMP	0	0.09607043826906174	0.09607043826906174
CAFs	FZD6	receptors	WNT	0	0.09427124732933007	0.09427124732933007
CCL FBs	FGF2	ligands	FGF	0.09637624476636898	0.19033628179074025	0.09396003702437127
Endothelial	FLT4	receptors	VEGF	0.08246374051133273	0.17602969093539433	0.0935659504240616
Endothelial	FGFR1	receptors	FGF	0.07373716211253126	0.16625011117853894	0.09251294906600768
CB FBs	LRRC32	ligands	TGFB	0.07238179474560574	0.16474967901857854	0.0923678842729728
CAFs	WNT5B	ligands	WNT	0	0.09119979133547171	0.09119979133547171
Pericytes	HBEGF	ligands	EGF	0	0.08886985452521781	0.08886985452521781
CAFs	JAG1	ligands	NOTCH	0	0.08420131250279334	0.08420131250279334
CAFs	EPHB4	receptors	EPHRIN	0	0.08182642327031943	0.08182642327031943
Endothelial	NOTCH1	receptors	NOTCH	0.42250045780205997	0.5041365931886004	0.08163613538654041
Glia	VEGFB	ligands	VEGF	0.15414025467505416	0.23489707493951337	0.08075682026445921
CAFs	FST	ligands	TGFB	0	0.08014810079922997	0.08014810079922997
UC FBs	FGFR1	receptors	FGF	0.12328689799935852	0.2034136716734601	0.08012677367410159
UC FBs	DLL1	ligands	NOTCH	0.33240258666502287	0.4122499714012238	0.07984738473620095
Glia	FGF2	ligands	FGF	0.31917529766551733	0.3988124670807877	0.07963716941527038
MyoFBs 2	HBEGF	ligands	EGF	0	0.07865222889077703	0.07865222889077703
MyoFBs 2	TGFB1	ligands	TGFB	0	0.07865222889077703	0.07865222889077703
UC FBs	FZD1	receptors	WNT	0.15709895558764853	0.23560054515709125	0.07850158956944273
CAFs	EFNB3	ligands	EPHRIN	0	0.07846977832814052	0.07846977832814052
Endothelial	RSPO3	ligands	WNT AMP	0.01706437589741005	0.09541721229524139	0.07835283639783133
Pericytes	TGFB3	ligands	TGFB	0.12232009068704917	0.1997786409997988	0.07745855031274963
MyoFBs 2	TNFRSF10B	receptors	TRAIL	0	0.07701635339554948	0.07701635339554948
UC FBs	NOTCH3	receptors	NOTCH	0.008453014397072503	0.08358004973683518	0.07512703533976267
CB FBs	HGF	ligands	HGF	0.05411711755969801	0.12881106312781138	0.07469394556811337
CB FBs	LGR4	receptors	WNT AMP	0.0667448450156533	0.14133265332377493	0.07458780830812163
CB FBs	FZD4	receptors	WNT	0.1440866754931863	0.2185644898235106	0.0744778143303243
Endothelial	ACVR1	receptors	TGFB	0.03960841031771116	0.11346834031558611	0.07385992999787495
Endothelial	EPHA4	receptors	EPHRIN	0.22507305879576675	0.2982195825492196	0.07314652375345285
Glia	ACVR1	receptors	TGFB	0.033007008598092635	0.10606030166870933	0.0730532930706167
MyoFBs 2	BMP3	ligands	TGFB	0	0.0730207690559414	0.0730207690559414
MyoFBs 2	EFNA5	ligands	EPHRIN	0	0.0730207690559414	0.0730207690559414
MyoFBs 2	HGF	ligands	HGF	0	0.0730207690559414	0.0730207690559414
CB FBs	WNT5A	ligands	WNT	0.02390162691586018	0.0954534757275328	0.07155184881167262
Pericytes	DLL1	ligands	NOTCH	0	0.0710121631364168	0.0710121631364168
CCL FBs	TNFSF10	ligands	TRAIL	0.9689447630746603	1.0395549635414103	0.07061020046675004
MyoFBs 2	NOTCH3	receptors	NOTCH	0	0.06902518471633334	0.06902518471633334
Pericytes	TGFB2	ligands	TGFB	0.10539761583694442	0.1743877140992965	0.06899009826235207
Pericytes	WNT5A	ligands	WNT	0	0.0682284395197102	0.0682284395197102
Glia	RSPO3	ligands	WNT AMP	0	0.06807963424076713	0.06807963424076713
MyoFBs 1	LRRC32	ligands	TGFB	0.1464496745925509	0.21415966838299527	0.06770999379044437
MyoFBs 2	BMP4	ligands	BMP	0	0.0673893092211058	0.0673893092211058
Pericytes	TNFRSF10B	receptors	TRAIL	0	0.06612704135198108	0.06612704135198108
MyoFBs 2	ACVR2B	receptors	TGFB	0	0.06339372488149772	0.06339372488149772
MyoFBs 2	FZD1	receptors	WNT	0	0.06339372488149772	0.06339372488149772
CCL FBs	TGFBR1	receptors	TGFB	0.06991381261620101	0.13206836484885373	0.06215455223265272
CCL FBs	TGFB2	ligands	TGFB	0.009717016549905776	0.07169717941310323	0.061980162863197456
MyoFBs 1	VEGFA	ligands	VEGF	0.16183977746900868	0.22365779812392683	0.06181802065491815
CAFs	FGF10	ligands	FGF	0	0.061686553617245954	0.061686553617245954
CAFs	ACVR2B	receptors	TGFB	0	0.06140136466892541	0.06140136466892541
CAFs	VEGFC	ligands	VEGF	0	0.06070479790754096	0.06070479790754096
UC FBs	FGFR4	receptors	FGF	0.081021826013996	0.14161097648138873	0.06058915046739273
CAFs	BMP3	ligands	TGFB	0	0.060578609042797577	0.060578609042797577
MyoFBs 1	TGFB3	ligands	TGFB	0.05993656644179416	0.11947479933441363	0.05953823289261947
MyoFBs 2	TGFBR2	receptors	TGFB	0.34657359027997264	0.40598740461880395	0.059413814338831306
MyoFBs 1	TGFB1	ligands	TGFB	0.03336002473283159	0.09268650250117902	0.05932647776834743
MyoFBs 2	ERBB2	receptors	EGF	0	0.057762265046662105	0.057762265046662105
Endothelial	EPHB1	receptors	EPHRIN	0.013202803439237054	0.06940599549027021	0.056203192051033156
UC FBs	BMPR1A	receptors	BMP	0.008453014397072503	0.0644788074939484	0.056025793096875894
Endothelial	JAG1	ligands	NOTCH	0.09740293972955984	0.15223704089900852	0.05483410116944869
UC FBs	BMP3	ligands	TGFB	0.016906028794145007	0.07161764030996248	0.05471161151581748
CAFs	ACVR1B	receptors	TGFB	0	0.05468807478456759	0.05468807478456759
CB FBs	ACVR1	receptors	TGFB	0.13611946652123288	0.19072867923244718	0.0546092127112143
Glia	LGR4	receptors	WNT AMP	0.12364182978310025	0.17786505529966334	0.0542232255165631
MyoFBs 2	EPHA7	receptors	EPHRIN	0	0.05376668070705404	0.05376668070705404
MyoFBs 2	FGF10	ligands	FGF	0	0.05376668070705404	0.05376668070705404
Glia	TGFBR1	receptors	TGFB	0.08251752149523159	0.13615926848153426	0.05364174698630267
CCL FBs	ACVR1	receptors	TGFB	0.14037801324948793	0.19395650597027742	0.05357849272078949
MyoFBs 1	BMPR2	receptors	BMP	0.3012272738444338	0.35431075735985157	0.05308348351541775
Glia	JAG1	ligands	NOTCH	0	0.05303015083435467	0.05303015083435467
CAFs	WNT4	ligands	WNT	0	0.05297162069854317	0.05297162069854317
Pericytes	FZD1	receptors	WNT	0.08154672712469944	0.13430559123314284	0.052758864108443396
Endothelial	TNFRSF1A	receptors	TNFSF10	0.6081081853439119	0.66058798055522	0.05247979521130808
UC FBs	TGFBR1	receptors	TGFB	0.18676713422970934	0.23827665745896828	0.05150952322925895
Glia	TGFB2	ligands	TGFB	0.06601401719618527	0.11716893476756317	0.0511549175713779
Glia	TNFRSF1B	receptors	TNFSF10	0	0.05053259526183474	0.05053259526183474
UC FBs	EPHB3	receptors	EPHRIN	0.016906028794145007	0.06740256870056409	0.050496539906419086
CAFs	ERBB2	receptors	EGF	0	0.050349674132683674	0.050349674132683674
Pericytes	BMP4	ligands	BMP	0.04077336356234972	0.09070752966275668	0.049934166100406956
CCL FBs	FGFR1	receptors	FGF	0.1757635412168729	0.22443525509224807	0.04867171387537517
Endothelial	ACVR2B	receptors	TGFB	0.026405606878474108	0.0748492568045756	0.04844364992610149
MyoFBs 2	EPHB4	receptors	EPHRIN	0	0.04813522087221842	0.04813522087221842
Glia	NOTCH1	receptors	NOTCH	0.11832888808514287	0.16625823529435918	0.04792934720921631
Glia	TNFRSF10B	receptors	TRAIL	0	0.047475834284927756	0.047475834284927756
Endothelial	DHH	ligands	HEDGEHOG	0	0.04743665644344783	0.04743665644344783
Pericytes	LGR4	receptors	WNT AMP	0	0.04616795179545096	0.04616795179545096
Endothelial	TNFRSF10A	receptors	TRAIL	0.1513358966832355	0.19748065041074173	0.04614475372750623
UC FBs	EPHA7	receptors	EPHRIN	0.026795421674831947	0.0725701724618044	0.045774750786972455
Endothelial	BMP4	ligands	BMP	0.05540105866631623	0.10008738976621515	0.04468633109989892
CCL FBs	FZD1	receptors	WNT	0.32506992371058624	0.3696813567251159	0.04461143301452963
Endothelial	FZD6	receptors	WNT	0.38849001572151187	0.43258008939794795	0.04409007367643608
CAFs	EPHA2	receptors	EPHRIN	0	0.04392157319664639	0.04392157319664639
Glia	FZD3	receptors	WNT	0.10867495693971038	0.15176795729233378	0.043093000352623395
CCL FBs	FZD8	receptors	WNT	0.06533049834979107	0.10825382729008629	0.04292332894029521
UC FBs	EFNB1	ligands	EPHRIN	0.11977858004262948	0.16205027487521403	0.042271694832584555
MyoFBs 1	FGF1	ligands	FGF	0	0.04214121388805559	0.04214121388805559
Endothelial	NOTCH3	receptors	NOTCH	0.06652110781065015	0.10811538022823824	0.04159427241758809
CCL FBs	FST	ligands	TGFB	0.006478011033270517	0.04799355721146576	0.041515546178195244
Pericytes	ERBB2	receptors	EGF	0	0.041073528801621614	0.041073528801621614
Glia	ACVR2B	receptors	TGFB	0.033007008598092635	0.07363395079019404	0.0406269421921014
UC FBs	TGFB2	ligands	TGFB	0	0.04057316872012794	0.04057316872012794
UC FBs	VEGFD	ligands	VEGF	0	0.039782940642009816	0.039782940642009816
Glia	MST1	ligands	MST	0	0.039594133669810475	0.039594133669810475
CAFs	BMPR1B	receptors	BMP	0	0.039583172544762485	0.039583172544762485
Pericytes	EFNA1	ligands	EPHRIN	0	0.03944515487347638	0.03944515487347638
Pericytes	NOTCH1	receptors	NOTCH	0.29234195879858826	0.33088649107758733	0.038544532278999066
MyoFBs 2	EGFR	receptors	EGF	0	0.03850817669777474	0.03850817669777474
MyoFBs 2	EPHB2	receptors	EPHRIN	0	0.03850817669777474	0.03850817669777474
MyoFBs 2	FZD2	receptors	WNT	0	0.03850817669777474	0.03850817669777474
MyoFBs 2	FZD4	receptors	WNT	0	0.03850817669777474	0.03850817669777474
MyoFBs 2	JAG1	ligands	NOTCH	0	0.03850817669777474	0.03850817669777474
MyoFBs 2	TGFB3	ligands	TGFB	0	0.03850817669777474	0.03850817669777474
MyoFBs 2	VEGFC	ligands	VEGF	0	0.03850817669777474	0.03850817669777474
UC FBs	JAG1	ligands	NOTCH	0.042265071985362515	0.08035610936213776	0.038091037376775244
Glia	BMPR1B	receptors	BMP	0	0.037980667427942205	0.037980667427942205
MyoFBs 2	IGF1	ligands	IGF	0	0.037611808348641806	0.037611808348641806
CAFs	FGFR4	receptors	FGF	0	0.03720828331228857	0.03720828331228857
CAFs	FGF1	ligands	FGF	0	0.03692309436396803	0.03692309436396803
CB FBs	FZD7	receptors	WNT	0.2174513871938219	0.2543655630654251	0.03691417587160323
CCL FBs	HBEGF	ligands	EGF	0.07180850938306159	0.10825382729008629	0.036445317907024696
UC FBs	FZD7	receptors	WNT	0.11977858004262948	0.1560924430358556	0.036313862993226115
UC FBs	FGF2	ligands	FGF	0.15215425914730507	0.1883896259456138	0.036235366798308716
CAFs	RSPO2	ligands	WNT AMP	0	0.03552996084119912	0.03552996084119912
Endothelial	FZD1	receptors	WNT	0.013202803439237054	0.0479784305911913	0.034775627151954244
CAFs	EPHA7	receptors	EPHRIN	0	0.03467712647415468	0.03467712647415468
CCL FBs	FZD6	receptors	WNT	0	0.034564294740249024	0.034564294740249024
MyoFBs 2	TGFB2	ligands	TGFB	0	0.03451259235816667	0.03451259235816667
Glia	ACVR1B	receptors	TGFB	0	0.034039817120383564	0.034039817120383564
Glia	DHH	ligands	HEDGEHOG	0	0.034039817120383564	0.034039817120383564
Glia	FZD5	receptors	WNT	0	0.034039817120383564	0.034039817120383564
UC FBs	TGFB3	ligands	TGFB	0.008453014397072503	0.04215887377580512	0.03370585937873262
Pericytes	FLT1	receptors	VEGF	0	0.03340468340047929	0.03340468340047929
Endothelial	FZD8	receptors	WNT	0.033007008598092635	0.06625349749860981	0.03324648890051718
UC FBs	EFNA5	ligands	EPHRIN	0.008453014397072503	0.04057316872012794	0.03212015432305544
UC FBs	RSPO3	ligands	WNT AMP	0	0.03193922457889248	0.03193922457889248
MyoFBs 1	EPHA2	receptors	EPHRIN	0.07693150671103452	0.10886018784969759	0.03192868113866307
UC FBs	IGF1R	receptors	IGF	0.07751350805726696	0.10882374466159415	0.03131023660432719
UC FBs	FGF1	ligands	FGF	0	0.030901347596035685	0.030901347596035685
Pericytes	FZD8	receptors	WNT	0	0.030620959783772682	0.030620959783772682
MyoFBs 2	WNT5A	ligands	WNT	0	0.030517008018558604	0.030517008018558604
MyoFBs 1	HGF	ligands	HGF	0.0074133388295181315	0.03740290831795064	0.029989569488432503
UC FBs	TNFRSF1A	receptors	TNFSF10	0.38118646536237694	0.4111532520111412	0.029966786648764288
CCL FBs	LGR4	receptors	WNT AMP	0.02591204413308207	0.05569932700928132	0.02978728287619925
Pericytes	WNT6	ligands	WNT	0.12232009068704917	0.15190862395625002	0.029588533269200842
Endothelial	ACVR1B	receptors	TGFB	0.04073015351443862	0.07016958326448522	0.029439429750046597
MyoFBs 1	JAG1	ligands	NOTCH	0.26695266328178835	0.2960719371424472	0.029119273860658823
MyoFBs 2	EPHA4	receptors	EPHRIN	0	0.028881132523331052	0.028881132523331052
MyoFBs 2	FZD5	receptors	WNT	0	0.028881132523331052	0.028881132523331052
Glia	WNT16	ligands	WNT	0	0.028485500570956654	0.028485500570956654
CCL FBs	TNF	ligands	TNFSF10	0.016195027583176293	0.04437333303192858	0.028178305448752286
UC FBs	BMP7	ligands	BMP	0.14707183091892795	0.1751359061159584	0.02806407519703044
Pericytes	EPHB3	receptors	EPHRIN	0	0.027837236167066074	0.027837236167066074
CAFs	EPHA4	receptors	EPHRIN	0	0.027834915247136292	0.027834915247136292
CAFs	WNT9A	ligands	WNT	0	0.027834915247136292	0.027834915247136292
CB FBs	WNT2	ligands	WNT	0	0.027657538368445006	0.027657538368445006
UC FBs	EPHA3	receptors	EPHRIN	0.03030373963156098	0.05778852673925582	0.027484787107694843
CCL FBs	TNFRSF10B	receptors	TRAIL	0.11122696359977059	0.1382571789609961	0.027030215361225504
Pericytes	FGF7	ligands	FGF	0.13544618194082622	0.1624473053996178	0.027001123458791576
CCL FBs	EFNB3	ligands	EPHRIN	0.02267303861644681	0.049510512897138946	0.026837474280692136
MyoFBs 1	NOTCH2	receptors	NOTCH	0.17022809788566026	0.19706015290221615	0.02683205501655589
MyoFBs 1	FGF2	ligands	FGF	0.022240016488554393	0.048838288096364244	0.02659827160780985
Pericytes	ACVR2B	receptors	TGFB	0.04077336356234972	0.06728239104054246	0.026509027478192733
MyoFBs 1	ACVR1	receptors	TGFB	0.044480032977108785	0.07088827935949389	0.026408246382385106
CB FBs	FZD2	receptors	WNT	0.01593441794390679	0.042236440518646494	0.026302022574739705
CAFs	FZD3	receptors	WNT	0	0.026156592776046837	0.026156592776046837
UC FBs	TNFRSF10B	receptors	TRAIL	0.10638086920521352	0.13248698343011686	0.026106114224903346
CB FBs	FGF1	ligands	FGF	0	0.025384924661691087	0.025384924661691087
CAFs	TNFRSF1B	receptors	TNFSF10	0	0.025174837066341837	0.025174837066341837
UC FBs	BMP6	ligands	BMP	0.025359043191217512	0.050244989844220204	0.024885946653002693
MyoFBs 2	EFNB1	ligands	EPHRIN	0	0.02488554818372299	0.02488554818372299
MyoFBs 2	EPHB3	receptors	EPHRIN	0	0.02488554818372299	0.02488554818372299
MyoFBs 2	FZD6	receptors	WNT	0	0.02488554818372299	0.02488554818372299
CCL FBs	VEGFC	ligands	VEGF	0	0.024755256448569473	0.024755256448569473
UC FBs	FZD10	receptors	WNT	0	0.024453466846640844	0.024453466846640844
CAFs	EPHB6	receptors	EPHRIN	0	0.02349651459525238	0.02349651459525238
UC FBs	VEGFC	ligands	VEGF	0.008453014397072503	0.03193922457889247	0.02348621018181997
CB FBs	VEGFB	ligands	VEGF	0.7227730930967807	0.745865100722216	0.023092007625435285
CB FBs	NOTCH2	receptors	NOTCH	0.311339641529271	0.3343376463068442	0.02299800477757319
CB FBs	FZD8	receptors	WNT	0.04614990858774461	0.06895075897741353	0.022800850389668913
UC FBs	FZD6	receptors	WNT	0	0.02256758262288194	0.02256758262288194
UC FBs	RSPO1	ligands	WNT AMP	0	0.02256758262288194	0.02256758262288194
Pericytes	IGF1R	receptors	IGF	0.2277177065239936	0.25005780885352896	0.022340102329535372
Pericytes	FGF1	ligands	FGF	0	0.022269788933652862	0.022269788933652862
CAFs	BMP7	ligands	BMP	0	0.02210338107248347	0.02210338107248347
Endothelial	WNT5A	ligands	WNT	0.013202803439237054	0.0350250835270093	0.021822280087772247
MyoFBs 1	BMP4	ligands	BMP	0.0037066694147590657	0.025398528367283967	0.0216918589525249
Glia	EFNA1	ligands	EPHRIN	0.016503504299046318	0.037980667427942205	0.021477163128895888
Glia	FZD2	receptors	WNT	0.016503504299046318	0.037980667427942205	0.021477163128895888
UC FBs	INHBA	ligands	TGFB	0	0.021229526471943424	0.021229526471943424
Glia	EPHA3	receptors	EPHRIN	0.049510512897138946	0.0696931004826354	0.020182587585496452
Glia	PTCH1	receptors	HEDGEHOG	0.033007008598092635	0.05303015083435467	0.02002314223626203
Pericytes	FGF10	ligands	FGF	0	0.019959089556530123	0.019959089556530123
CB FBs	TNFRSF1A	receptors	TNFSF10	0.41204248680175	0.43175902100126445	0.01971653419951447
UC FBs	EFNA3	ligands	EPHRIN	0	0.01934364224818452	0.01934364224818452
MyoFBs 2	EPHA2	receptors	EPHRIN	0	0.01925408834888737	0.01925408834888737
MyoFBs 2	EREG	ligands	EGF	0	0.01925408834888737	0.01925408834888737
MyoFBs 2	FZD8	receptors	WNT	0	0.01925408834888737	0.01925408834888737
MyoFBs 2	MET	receptors	HGF	0	0.01925408834888737	0.01925408834888737
MyoFBs 2	MST1	ligands	MST	0	0.01925408834888737	0.01925408834888737
MyoFBs 2	PTCH2	receptors	HEDGEHOG	0	0.01925408834888737	0.01925408834888737
MyoFBs 2	WNT9A	ligands	WNT	0	0.01925408834888737	0.01925408834888737
UC FBs	FZD5	receptors	WNT	0.016906028794145007	0.03601117219449201	0.019105143400347
UC FBs	RSPO2	ligands	WNT AMP	0	0.019043463080102793	0.019043463080102793
Glia	EPHA2	receptors	EPHRIN	0	0.018990333713971103	0.018990333713971103
Glia	WNT5A	ligands	WNT	0	0.018990333713971103	0.018990333713971103
Endothelial	WNT2B	ligands	WNT	0.08420013629032277	0.10314911167158952	0.018948975381266747
CCL FBs	EPHB3	receptors	EPHRIN	0.03428475193321317	0.053130737076676135	0.018845985143462966
MyoFBs 1	JAG2	ligands	NOTCH	0	0.01870145415897532	0.01870145415897532
MyoFBs 1	TNF	ligands	TNFSF10	0	0.01870145415897532	0.01870145415897532
Pericytes	EREG	ligands	EGF	0	0.018330715628384883	0.018330715628384883
Pericytes	TNF	ligands	TNFSF10	0	0.018330715628384883	0.018330715628384883
CAFs	MST1	ligands	MST	0	0.01776498042059956	0.01776498042059956
Endothelial	NOTCH4	receptors	NOTCH	0.06601401719618527	0.08376497663181334	0.017750959435628072
CCL FBs	FGF10	ligands	FGF	0.09772055351614366	0.11501887819809982	0.017298324681956162
CAFs	RSPO1	ligands	WNT AMP	0	0.016783224710894558	0.016783224710894558
CAFs	WNT11	ligands	WNT	0	0.016783224710894558	0.016783224710894558
CB FBs	EFNA5	ligands	EPHRIN	0.0998961151064221	0.11667564681924583	0.01677953171282373
Pericytes	FST	ligands	TGFB	0	0.016702341700239647	0.016702341700239647
UC FBs	NOTCH1	receptors	NOTCH	0.12328689799935852	0.1394826922523321	0.016195794252973572
UC FBs	WNT9A	ligands	WNT	0	0.0161197018734871	0.0161197018734871
CAFs	PTCH2	receptors	HEDGEHOG	0	0.016086657949510103	0.016086657949510103
CB FBs	EPHB4	receptors	EPHRIN	0.019918022429883487	0.03541859939838474	0.01550057696850125
CCL FBs	BMPR1A	receptors	BMP	0.058852487316520555	0.07426576934570843	0.015413282029187875
CAFs	FZD10	receptors	WNT	0	0.015104902239805103	0.015104902239805103
CAFs	WNT3	ligands	WNT	0	0.015104902239805103	0.015104902239805103
Glia	DLL1	ligands	NOTCH	0	0.015049483406412463	0.015049483406412463
Glia	INHBA	ligands	TGFB	0	0.015049483406412463	0.015049483406412463
Glia	NOTCH3	receptors	NOTCH	0	0.015049483406412463	0.015049483406412463
Glia	TGFA	ligands	EGF	0	0.015049483406412463	0.015049483406412463
Glia	WNT4	ligands	WNT	0	0.015049483406412463	0.015049483406412463
UC FBs	FGF10	ligands	FGF	0	0.014781645722548585	0.014781645722548585
CB FBs	EPHB2	receptors	EPHRIN	0.05644737680169895	0.07122337268416745	0.014775995882468501
CAFs	EFNA1	ligands	EPHRIN	0	0.014408335478420646	0.014408335478420646
Glia	FZD7	receptors	WNT	0.06881837518800392	0.08312911764717959	0.014310742459175671
CAFs	TNFRSF10A	receptors	TRAIL	0	0.013966878924440125	0.013966878924440125
Pericytes	FZD2	receptors	WNT	0	0.013918618083533037	0.013918618083533037
Endothelial	FGFR3	receptors	FGF	0.013202803439237054	0.026870826213384314	0.01366802277414726
UC FBs	TNFSF10	ligands	TRAIL	0.32533162940584065	0.33847364445962935	0.013142015053788703
MyoFBs 1	EPHB4	receptors	EPHRIN	0.0037066694147590657	0.016742685520771624	0.013036016106012557
MyoFBs 1	FST	ligands	TGFB	0.0037066694147590657	0.016742685520771624	0.013036016106012557
Glia	WNT6	ligands	WNT	0.049510512897138946	0.06252531769134022	0.013014804794201272
UC FBs	JAG2	ligands	NOTCH	0	0.01289576149878968	0.01289576149878968
UC FBs	WNT11	ligands	WNT	0	0.01289576149878968	0.01289576149878968
UC FBs	FGFR2	receptors	FGF	0.008453014397072503	0.021229526471943424	0.01277651207487092
Pericytes	FGFR3	receptors	FGF	0	0.01276326839497167	0.01276326839497167
MyoFBs 1	ERBB4	receptors	EGF	0.0074133388295181315	0.02009122262492595	0.012677883795407819
Pericytes	FGFR1	receptors	FGF	0.04077336356234972	0.05336377295700941	0.01259040939465969
Pericytes	AREG	ligands	EGF	0.04077336356234972	0.052631557869483495	0.011858194307133772
Glia	BMP7	ligands	BMP	0.026157435444478804	0.037980667427942205	0.011823231983463401
CCL FBs	FZD10	receptors	WNT	0.012956022066541034	0.024755256448569473	0.011799234382028439
CCL FBs	MST1	ligands	MST	0.012956022066541034	0.024755256448569473	0.011799234382028439
MyoFBs 1	KDR	receptors	VEGF	0.0037066694147590657	0.015352917054820994	0.011646247640061929
CAFs	EREG	ligands	EGF	0	0.011591989691966212	0.011591989691966212
CB FBs	BMP6	ligands	BMP	0.007967208971953394	0.0195103034511073	0.011543094479153906
CB FBs	INHBA	ligands	TGFB	0	0.011363068533769595	0.011363068533769595
Endothelial	AREG	ligands	EGF	0.03239235601583005	0.043742384304043966	0.011350028288213916
CB FBs	EPHB3	receptors	EPHRIN	0.01593441794390679	0.027271364481047028	0.011336946537140239
MyoFBs 1	ACVR1B	receptors	TGFB	0.057768303831590075	0.0689295107212902	0.011161206889700119
Pericytes	FZD5	receptors	WNT	0	0.011134894466826431	0.011134894466826431
Pericytes	IGF1	ligands	IGF	0	0.011134894466826431	0.011134894466826431
Pericytes	NOTCH4	receptors	NOTCH	0	0.011134894466826431	0.011134894466826431
Pericytes	WNT3	ligands	WNT	0	0.011134894466826431	0.011134894466826431
CAFs	FGFR2	receptors	FGF	0	0.011051690536241734	0.011051690536241734
Pericytes	BMPR1A	receptors	BMP	0.04077336356234972	0.051735399028864176	0.010962035466514454
MyoFBs 1	TNFRSF1B	receptors	TNFSF10	0.005874932024963154	0.016742685520771624	0.01086775349580847
CB FBs	TGFB1	ligands	TGFB	0.0700515355036048	0.08087087353346312	0.010819338029858322
Glia	EPHA7	receptors	EPHRIN	0.033007008598092635	0.043534983977369116	0.01052797537927648
CB FBs	INHBB	ligands	TGFB	0	0.010419848624091625	0.010419848624091625
CB FBs	TGFBR2	receptors	TGFB	0.5979709259766249	0.6082078074840986	0.010236881507473705
CB FBs	MST1R	receptors	MST	0.007967208971953394	0.018180909654031352	0.010213700682077958
CAFs	EPHB2	receptors	EPHRIN	0	0.010069934826536736	0.010069934826536736
CAFs	MST1R	receptors	MST	0	0.010069934826536736	0.010069934826536736
UC FBs	FZD2	receptors	WNT	0.033812057588290013	0.043797109094825364	0.00998505150653535
Pericytes	WNT5B	ligands	WNT	0	0.009979544778265062	0.009979544778265062
Endothelial	WNT5B	ligands	WNT	0	0.009901121227924258	0.009901121227924258
UC FBs	BMPR1B	receptors	BMP	0	0.00967182112409226	0.00967182112409226
MyoFBs 2	ACVR1B	receptors	TGFB	0	0.009627044174443685	0.009627044174443685
MyoFBs 2	EFNB2	ligands	EPHRIN	0	0.009627044174443685	0.009627044174443685
MyoFBs 2	EPHA3	receptors	EPHRIN	0	0.009627044174443685	0.009627044174443685
MyoFBs 2	EPHB6	receptors	EPHRIN	0	0.009627044174443685	0.009627044174443685
MyoFBs 2	FGF1	ligands	FGF	0	0.009627044174443685	0.009627044174443685
MyoFBs 2	MST1R	receptors	MST	0	0.009627044174443685	0.009627044174443685
MyoFBs 2	TNF	ligands	TNFSF10	0	0.009627044174443685	0.009627044174443685
MyoFBs 2	TNFRSF1B	receptors	TNFSF10	0	0.009627044174443685	0.009627044174443685
MyoFBs 2	WNT2	ligands	WNT	0	0.009627044174443685	0.009627044174443685
MyoFBs 2	WNT4	ligands	WNT	0	0.009627044174443685	0.009627044174443685
MyoFBs 2	WNT6	ligands	WNT	0	0.009627044174443685	0.009627044174443685
Glia	BMP4	ligands	BMP	0	0.009495166856985551	0.009495166856985551
Glia	EREG	ligands	EGF	0	0.009495166856985551	0.009495166856985551
Glia	FGF1	ligands	FGF	0	0.009495166856985551	0.009495166856985551
CAFs	EFNA3	ligands	EPHRIN	0	0.009373368065152278	0.009373368065152278
Endothelial	FST	ligands	TGFB	0	0.009359347080180793	0.009359347080180793
CCL FBs	FGFR2	receptors	FGF	0.2521025891344811	0.2614572244079723	0.00935463527349123
MyoFBs 1	MST1	ligands	MST	0.0074133388295181315	0.016742685520771624	0.009329346691253492
CCL FBs	TNFRSF10A	receptors	TRAIL	0.0032390055166352585	0.012377628224284737	0.009138622707649478
CB FBs	BMPR1B	receptors	BMP	0	0.009090454827015676	0.009090454827015676
CB FBs	RSPO2	ligands	WNT AMP	0	0.009090454827015676	0.009090454827015676
MyoFBs 1	NOTCH1	receptors	NOTCH	0.07259498149062633	0.08150289084420992	0.008907909353583585
CCL FBs	BMP6	ligands	BMP	0.016195027583176293	0.024755256448569473	0.00856022886539318
Endothelial	ERBB2	receptors	EGF	0.013202803439237054	0.02164937852555045	0.008446575086313397
Pericytes	EFNA3	ligands	EPHRIN	0	0.008351170850119823	0.008351170850119823
Pericytes	EFNA5	ligands	EPHRIN	0	0.008351170850119823	0.008351170850119823
Pericytes	EFNB3	ligands	EPHRIN	0	0.008351170850119823	0.008351170850119823
Pericytes	INHBB	ligands	TGFB	0	0.008351170850119823	0.008351170850119823
Pericytes	TNFRSF10A	receptors	TRAIL	0	0.008351170850119823	0.008351170850119823
Pericytes	FZD4	receptors	WNT	0.12232009068704917	0.13062570877581692	0.008305618088767744
MyoFBs 1	FLT1	receptors	VEGF	0.0037066694147590657	0.012004379950666668	0.008297710535907603
CCL FBs	WNT5B	ligands	WNT	0.0388680661996231	0.04694192296453376	0.00807385676491066
Endothelial	EPHA7	receptors	EPHRIN	0	0.007832171531750795	0.007832171531750795
CCL FBs	EPHA3	receptors	EPHRIN	0.06234029897576709	0.07006930837030007	0.007729009394532978
CAFs	MET	receptors	HGF	0	0.0076950455940628226	0.0076950455940628226
CB FBs	TNFSF10	ligands	TRAIL	0.5637718308468104	0.5713035465811309	0.007531715734320543
CB FBs	EPHA2	receptors	EPHRIN	0.003983604485976697	0.011363068533769595	0.007379464047792898
Pericytes	DLL4	ligands	NOTCH	0	0.007195821161558454	0.007195821161558454
Endothelial	HGF	ligands	HGF	0.013202803439237054	0.020344016603591985	0.007141213164354931
Pericytes	EPHB4	receptors	EPHRIN	0.04077336356234972	0.0477963257235962	0.007022962161246475
CB FBs	LTA	ligands	TNFSF10	0	0.006817841120261757	0.006817841120261757
CB FBs	WNT4	ligands	WNT	0	0.006817841120261757	0.006817841120261757
CAFs	ACVR1C	receptors	TGFB	0	0.006713289884357824	0.006713289884357824
CAFs	JAG2	ligands	NOTCH	0	0.006713289884357824	0.006713289884357824
CAFs	LGR5	receptors	WNT AMP	0	0.006713289884357824	0.006713289884357824
CAFs	NOTCH4	receptors	NOTCH	0	0.006713289884357824	0.006713289884357824
MyoFBs 1	DLL4	ligands	NOTCH	0	0.00669707420830865	0.00669707420830865
MyoFBs 1	FGF9	ligands	FGF	0	0.00669707420830865	0.00669707420830865
MyoFBs 1	TNFRSF10A	receptors	TRAIL	0	0.00669707420830865	0.00669707420830865
Endothelial	EFNB3	ligands	EPHRIN	0	0.006526809609792328	0.006526809609792328
CCL FBs	AREG	ligands	EGF	0.03428475193321317	0.0407531088523914	0.006468356919178228
UC FBs	BTC	ligands	EGF	0	0.00644788074939484	0.00644788074939484
MyoFBs 1	FZD2	receptors	WNT	0.0037066694147590657	0.010045611312462975	0.006338941897703909
Endothelial	MST1	ligands	MST	0.01980420515885558	0.026107238439169313	0.006303033280313734
CCL FBs	BTC	ligands	EGF	0	0.006188814112142368	0.006188814112142368
CCL FBs	EPHA1	receptors	EPHRIN	0	0.006188814112142368	0.006188814112142368
CCL FBs	EPHA2	receptors	EPHRIN	0	0.006188814112142368	0.006188814112142368
CCL FBs	FGF1	ligands	FGF	0	0.006188814112142368	0.006188814112142368
CCL FBs	FLT1	receptors	VEGF	0	0.006188814112142368	0.006188814112142368
CCL FBs	INHBA	ligands	TGFB	0	0.006188814112142368	0.006188814112142368
CAFs	FGF9	ligands	FGF	0	0.006016723122973367	0.006016723122973367
Endothelial	VEGFD	ligands	VEGF	0	0.0059850354620488615	0.0059850354620488615
Pericytes	EPHA4	receptors	EPHRIN	0	0.0055674472334132155	0.0055674472334132155
Pericytes	INHBA	ligands	TGFB	0	0.0055674472334132155	0.0055674472334132155
Pericytes	JAG2	ligands	NOTCH	0	0.0055674472334132155	0.0055674472334132155
Pericytes	MET	receptors	HGF	0	0.0055674472334132155	0.0055674472334132155
Pericytes	RSPO3	ligands	WNT AMP	0	0.0055674472334132155	0.0055674472334132155
CCL FBs	MST1R	receptors	MST	0.01943403309981155	0.024755256448569473	0.005321223348757922
MyoFBs 1	VEGFC	ligands	VEGF	0	0.005307305742358018	0.005307305742358018
Endothelial	EPHB2	receptors	EPHRIN	0	0.0052214476878338625	0.0052214476878338625
Endothelial	EREG	ligands	EGF	0	0.0052214476878338625	0.0052214476878338625
CB FBs	BMPR1A	receptors	BMP	0.03818269961579122	0.04317966042832446	0.004996960812533244
Glia	EFNA5	ligands	EPHRIN	0.033007008598092635	0.037980667427942205	0.00497365882984957
MyoFBs 1	IGF1	ligands	IGF	0.0037066694147590657	0.008655842846512343	0.0049491734317532775
MyoFBs 1	DLL1	ligands	NOTCH	0.01853334707379533	0.023439759729080276	0.004906412655284947
CB FBs	BMP2	ligands	BMP	0.02390162691586018	0.028600758278122976	0.004699131362262795
MyoFBs 1	ERBB2	receptors	EGF	0.020701609683999415	0.025398528367283967	0.004696918683284552
CB FBs	JAG1	ligands	NOTCH	0.039836044859766974	0.04450905422540041	0.004673009365633439
Endothelial	TNF	ligands	TNFSF10	0.006601401719618527	0.011206483149882724	0.004605081430264197
CB FBs	FLT1	receptors	VEGF	0	0.004545227413507838	0.004545227413507838
CB FBs	TNF	ligands	TNFSF10	0	0.004545227413507838	0.004545227413507838
Pericytes	KDR	receptors	VEGF	0	0.004412097544851846	0.004412097544851846
Pericytes	WNT16	ligands	WNT	0	0.004412097544851846	0.004412097544851846
Glia	TNF	ligands	TNFSF10	0.026157435444478804	0.030098966812824927	0.0039415313683461226
Endothelial	BMP7	ligands	BMP	0	0.0039160857658753975	0.0039160857658753975
Endothelial	BTC	ligands	EGF	0	0.0039160857658753975	0.0039160857658753975
Endothelial	FGFR2	receptors	FGF	0	0.0039160857658753975	0.0039160857658753975
Endothelial	FZD2	receptors	WNT	0	0.0039160857658753975	0.0039160857658753975
Endothelial	FGF7	ligands	FGF	0.006601401719618527	0.010442895375667725	0.003841493656049198
MyoFBs 1	TNFRSF10B	receptors	TRAIL	0.03182161792827661	0.035444139679746946	0.003622521751470334
Endothelial	ACVR1C	receptors	TGFB	0	0.0033743116181319303	0.0033743116181319303
Glia	VEGFA	ligands	VEGF	0.059164444042571436	0.06252531769134022	0.003360873648768782
CAFs	BMP6	ligands	BMP	0	0.003356644942178912	0.003356644942178912
CAFs	EPHA1	receptors	EPHRIN	0	0.003356644942178912	0.003356644942178912
CAFs	TNF	ligands	TNFSF10	0	0.003356644942178912	0.003356644942178912
MyoFBs 1	BMPR1B	receptors	BMP	0	0.003348537104154325	0.003348537104154325
MyoFBs 1	EPHB2	receptors	EPHRIN	0	0.003348537104154325	0.003348537104154325
MyoFBs 1	INHBA	ligands	TGFB	0	0.003348537104154325	0.003348537104154325
MyoFBs 1	LGR5	receptors	WNT AMP	0	0.003348537104154325	0.003348537104154325
MyoFBs 1	MET	receptors	HGF	0	0.003348537104154325	0.003348537104154325
MyoFBs 1	NOTCH4	receptors	NOTCH	0	0.003348537104154325	0.003348537104154325
MyoFBs 1	RSPO3	ligands	WNT AMP	0	0.003348537104154325	0.003348537104154325
MyoFBs 1	WNT3	ligands	WNT	0	0.003348537104154325	0.003348537104154325
MyoFBs 1	WNT9A	ligands	WNT	0	0.003348537104154325	0.003348537104154325
UC FBs	DLL3	ligands	NOTCH	0	0.00322394037469742	0.00322394037469742
UC FBs	DLL4	ligands	NOTCH	0	0.00322394037469742	0.00322394037469742
UC FBs	EPHA1	receptors	EPHRIN	0	0.00322394037469742	0.00322394037469742
UC FBs	FLT4	receptors	VEGF	0	0.00322394037469742	0.00322394037469742
UC FBs	IHH	ligands	HEDGEHOG	0	0.00322394037469742	0.00322394037469742
UC FBs	INHBB	ligands	TGFB	0	0.00322394037469742	0.00322394037469742
UC FBs	KDR	receptors	VEGF	0	0.00322394037469742	0.00322394037469742
Endothelial	BMP6	ligands	BMP	0.08033856383214978	0.0834450161105414	0.003106452278391625
CB FBs	EFNB3	ligands	EPHRIN	0.01195081345793009	0.014965076037599463	0.0030142625796693717
CB FBs	FZD3	receptors	WNT	0.01195081345793009	0.014965076037599463	0.0030142625796693717
CCL FBs	FGF9	ligands	FGF	0.0032390055166352585	0.006188814112142368	0.0029498085955071097
CCL FBs	JAG2	ligands	NOTCH	0.0032390055166352585	0.006188814112142368	0.0029498085955071097
CCL FBs	LTA	ligands	TNFSF10	0.0032390055166352585	0.006188814112142368	0.0029498085955071097
Pericytes	ACVR1C	receptors	TGFB	0	0.0027837236167066078	0.0027837236167066078
Pericytes	BMP6	ligands	BMP	0	0.0027837236167066078	0.0027837236167066078
Pericytes	BMPR1B	receptors	BMP	0	0.0027837236167066078	0.0027837236167066078
Pericytes	DHH	ligands	HEDGEHOG	0	0.0027837236167066078	0.0027837236167066078
Pericytes	EPHB2	receptors	EPHRIN	0	0.0027837236167066078	0.0027837236167066078
Pericytes	FGFR4	receptors	FGF	0	0.0027837236167066078	0.0027837236167066078
Pericytes	FZD6	receptors	WNT	0	0.0027837236167066078	0.0027837236167066078
Pericytes	LTA	ligands	TNFSF10	0	0.0027837236167066078	0.0027837236167066078
Pericytes	MST1R	receptors	MST	0	0.0027837236167066078	0.0027837236167066078
Pericytes	WNT10B	ligands	WNT	0	0.0027837236167066078	0.0027837236167066078
Pericytes	WNT3A	ligands	WNT	0	0.0027837236167066078	0.0027837236167066078
Pericytes	WNT4	ligands	WNT	0	0.0027837236167066078	0.0027837236167066078
Endothelial	FZD3	receptors	WNT	0.013202803439237054	0.015886156689973122	0.0026833532507360685
Endothelial	FZD7	receptors	WNT	0.013202803439237054	0.015886156689973122	0.0026833532507360685
Pericytes	TNFRSF1B	receptors	TNFSF10	0.04077336356234972	0.04338422817874435	0.0026108646163946272
Endothelial	FGF9	ligands	FGF	0	0.0026107238439169313	0.0026107238439169313
Endothelial	DLL1	ligands	NOTCH	0.23974396394764436	0.2423325333510134	0.0025885694033690454
Endothelial	LTA	ligands	TNFSF10	0.006601401719618527	0.00913753345370926	0.0025361317340907323
Glia	EPHB4	receptors	EPHRIN	0.016503504299046318	0.018990333713971103	0.002486829414924785
Glia	ERBB3	receptors	EGF	0.016503504299046318	0.018990333713971103	0.002486829414924785
Glia	FZD8	receptors	WNT	0.016503504299046318	0.018990333713971103	0.002486829414924785
Endothelial	EFNA3	ligands	EPHRIN	0.013202803439237054	0.01566434306350159	0.0024615396242645363
MyoFBs 1	FZD5	receptors	WNT	0.024408279098758482	0.0267882968332346	0.002380017734476117
Glia	HGF	ligands	HGF	0.026157435444478804	0.028485500570956654	0.0023280651264778497
CB FBs	DLL3	ligands	NOTCH	0	0.002272613706753919	0.002272613706753919
CB FBs	EPHA1	receptors	EPHRIN	0	0.002272613706753919	0.002272613706753919
CB FBs	EPHA4	receptors	EPHRIN	0	0.002272613706753919	0.002272613706753919
CB FBs	ERBB3	receptors	EGF	0	0.002272613706753919	0.002272613706753919
CB FBs	EREG	ligands	EGF	0	0.002272613706753919	0.002272613706753919
CB FBs	FZD10	receptors	WNT	0	0.002272613706753919	0.002272613706753919
CB FBs	JAG2	ligands	NOTCH	0	0.002272613706753919	0.002272613706753919
CB FBs	LGR5	receptors	WNT AMP	0	0.002272613706753919	0.002272613706753919
CB FBs	LGR6	receptors	WNT AMP	0	0.002272613706753919	0.002272613706753919
CB FBs	SHH	ligands	HEDGEHOG	0	0.002272613706753919	0.002272613706753919
CB FBs	WNT16	ligands	WNT	0	0.002272613706753919	0.002272613706753919
CCL FBs	ERBB2	receptors	EGF	0.02267303861644681	0.024755256448569473	0.0020822178321226632
Endothelial	EPHA3	receptors	EPHRIN	0.01980420515885558	0.02164937852555045	0.001845173366694871
CAFs	BTC	ligands	EGF	0	0.001678322471089456	0.001678322471089456
CAFs	DHH	ligands	HEDGEHOG	0	0.001678322471089456	0.001678322471089456
CAFs	FGFR3	receptors	FGF	0	0.001678322471089456	0.001678322471089456
CAFs	IHH	ligands	HEDGEHOG	0	0.001678322471089456	0.001678322471089456
CAFs	INHBB	ligands	TGFB	0	0.001678322471089456	0.001678322471089456
CAFs	LTA	ligands	TNFSF10	0	0.001678322471089456	0.001678322471089456
CAFs	SHH	ligands	HEDGEHOG	0	0.001678322471089456	0.001678322471089456
CAFs	WNT16	ligands	WNT	0	0.001678322471089456	0.001678322471089456
CAFs	WNT6	ligands	WNT	0	0.001678322471089456	0.001678322471089456
UC FBs	EPHB4	receptors	EPHRIN	0.033812057588290013	0.03546334412167162	0.0016512865333816046
MyoFBs 1	INHBB	ligands	TGFB	0.0037066694147590657	0.005307305742358018	0.0016006363275989522
CCL FBs	IGF1R	receptors	IGF	0.1951395251578127	0.1965250959028826	0.001385570745069925
Endothelial	EPHA1	receptors	EPHRIN	0	0.0013053619219584656	0.0013053619219584656
Endothelial	FGF1	ligands	FGF	0	0.0013053619219584656	0.0013053619219584656
Endothelial	IHH	ligands	HEDGEHOG	0	0.0013053619219584656	0.0013053619219584656
Endothelial	WNT2	ligands	WNT	0	0.0013053619219584656	0.0013053619219584656
Endothelial	WNT6	ligands	WNT	0.006601401719618527	0.007832171531750795	0.0012307698121322682
MyoFBs 1	ACVR2B	receptors	TGFB	0.048186702391867856	0.0494072882686173	0.001220585876749447
CCL FBs	FZD2	receptors	WNT	0.04210707171625836	0.04332169878499658	0.0012146270687382194
CCL FBs	ACVR1B	receptors	TGFB	0.08286983468274205	0.08407480763738798	0.0012049729546459303
MyoFBs 1	FZD4	receptors	WNT	0.1214115396881433	0.12225433626631489	8.427965781715868e-4
UC FBs	EPHA2	receptors	EPHRIN	0.033812057588290013	0.0341252879707331	3.1323038244308876e-4
MyoFBs 1	TGFB2	ligands	TGFB	0.05406163441683101	0.054145593838722264	8.39594218912526e-5
CB FBs	DHH	ligands	HEDGEHOG	0	0	0
CB FBs	EFNA2	ligands	EPHRIN	0	0	0
CB FBs	EFNA4	ligands	EPHRIN	0	0	0
CB FBs	EGF	ligands	EGF	0	0	0
CB FBs	EPHB1	receptors	EPHRIN	0	0	0
CB FBs	ERBB4	receptors	EGF	0	0	0
CB FBs	FGF3	ligands	FGF	0	0	0
CB FBs	FLT4	receptors	VEGF	0	0	0
CB FBs	FZD9	receptors	WNT	0	0	0
CB FBs	IGF2	ligands	IGF	0	0	0
CB FBs	KDR	receptors	VEGF	0	0	0
CB FBs	WNT10A	ligands	WNT	0	0	0
CB FBs	WNT3A	ligands	WNT	0	0	0
CB FBs	WNT7A	ligands	WNT	0	0	0
CB FBs	WNT7B	ligands	WNT	0	0	0
UC FBs	ACVR1C	receptors	TGFB	0	0	0
UC FBs	DHH	ligands	HEDGEHOG	0	0	0
UC FBs	EFNA2	ligands	EPHRIN	0	0	0
UC FBs	EFNA4	ligands	EPHRIN	0	0	0
UC FBs	EGF	ligands	EGF	0	0	0
UC FBs	ERBB4	receptors	EGF	0	0	0
UC FBs	FGF3	ligands	FGF	0	0	0
UC FBs	FZD9	receptors	WNT	0	0	0
UC FBs	IGF2	ligands	IGF	0	0	0
UC FBs	NOTCH4	receptors	NOTCH	0	0	0
UC FBs	WNT10A	ligands	WNT	0	0	0
UC FBs	WNT10B	ligands	WNT	0	0	0
UC FBs	WNT16	ligands	WNT	0	0	0
UC FBs	WNT3A	ligands	WNT	0	0	0
UC FBs	WNT6	ligands	WNT	0	0	0
UC FBs	WNT7A	ligands	WNT	0	0	0
UC FBs	WNT7B	ligands	WNT	0	0	0
CAFs	DLL3	ligands	NOTCH	0	0	0
CAFs	EFNA2	ligands	EPHRIN	0	0	0
CAFs	EFNA4	ligands	EPHRIN	0	0	0
CAFs	EGF	ligands	EGF	0	0	0
CAFs	EPHB1	receptors	EPHRIN	0	0	0
CAFs	ERBB3	receptors	EGF	0	0	0
CAFs	ERBB4	receptors	EGF	0	0	0
CAFs	FGF3	ligands	FGF	0	0	0
CAFs	FLT1	receptors	VEGF	0	0	0
CAFs	FLT4	receptors	VEGF	0	0	0
CAFs	FZD9	receptors	WNT	0	0	0
CAFs	IGF2	ligands	IGF	0	0	0
CAFs	KDR	receptors	VEGF	0	0	0
CAFs	LGR6	receptors	WNT AMP	0	0	0
CAFs	TGFA	ligands	EGF	0	0	0
CAFs	VEGFD	ligands	VEGF	0	0	0
CAFs	WNT10A	ligands	WNT	0	0	0
CAFs	WNT10B	ligands	WNT	0	0	0
CAFs	WNT3A	ligands	WNT	0	0	0
CAFs	WNT7A	ligands	WNT	0	0	0
CAFs	WNT7B	ligands	WNT	0	0	0
CCL FBs	ACVR1C	receptors	TGFB	0	0	0
CCL FBs	BMPR1B	receptors	BMP	0	0	0
CCL FBs	DHH	ligands	HEDGEHOG	0	0	0
CCL FBs	DLL3	ligands	NOTCH	0	0	0
CCL FBs	EFNA3	ligands	EPHRIN	0	0	0
CCL FBs	EFNA4	ligands	EPHRIN	0	0	0
CCL FBs	EFNA5	ligands	EPHRIN	0	0	0
CCL FBs	EGF	ligands	EGF	0	0	0
CCL FBs	EPHB1	receptors	EPHRIN	0	0	0
CCL FBs	ERBB3	receptors	EGF	0	0	0
CCL FBs	ERBB4	receptors	EGF	0	0	0
CCL FBs	FGF3	ligands	FGF	0	0	0
CCL FBs	FLT4	receptors	VEGF	0	0	0
CCL FBs	FZD3	receptors	WNT	0	0	0
CCL FBs	FZD9	receptors	WNT	0	0	0
CCL FBs	IGF2	ligands	IGF	0	0	0
CCL FBs	IHH	ligands	HEDGEHOG	0	0	0
CCL FBs	INHBB	ligands	TGFB	0	0	0
CCL FBs	KDR	receptors	VEGF	0	0	0
CCL FBs	LGR5	receptors	WNT AMP	0	0	0
CCL FBs	LGR6	receptors	WNT AMP	0	0	0
CCL FBs	NOTCH4	receptors	NOTCH	0	0	0
CCL FBs	RSPO2	ligands	WNT AMP	0	0	0
CCL FBs	SHH	ligands	HEDGEHOG	0	0	0
CCL FBs	VEGFD	ligands	VEGF	0	0	0
CCL FBs	WNT10A	ligands	WNT	0	0	0
CCL FBs	WNT10B	ligands	WNT	0	0	0
CCL FBs	WNT16	ligands	WNT	0	0	0
CCL FBs	WNT2	ligands	WNT	0	0	0
CCL FBs	WNT6	ligands	WNT	0	0	0
CCL FBs	WNT7A	ligands	WNT	0	0	0
CCL FBs	WNT7B	ligands	WNT	0	0	0
Pericytes	BMP3	ligands	TGFB	0	0	0
Pericytes	BMP7	ligands	BMP	0	0	0
Pericytes	DLL3	ligands	NOTCH	0	0	0
Pericytes	EFNA2	ligands	EPHRIN	0	0	0
Pericytes	EFNA4	ligands	EPHRIN	0	0	0
Pericytes	EGF	ligands	EGF	0	0	0
Pericytes	EPHA1	receptors	EPHRIN	0	0	0
Pericytes	EPHA7	receptors	EPHRIN	0	0	0
Pericytes	EPHB1	receptors	EPHRIN	0	0	0
Pericytes	ERBB3	receptors	EGF	0	0	0
Pericytes	ERBB4	receptors	EGF	0	0	0
Pericytes	FGF3	ligands	FGF	0	0	0
Pericytes	FGF9	ligands	FGF	0	0	0
Pericytes	FGFR2	receptors	FGF	0	0	0
Pericytes	FLT4	receptors	VEGF	0	0	0
Pericytes	FZD9	receptors	WNT	0	0	0
Pericytes	IGF2	ligands	IGF	0	0	0
Pericytes	IHH	ligands	HEDGEHOG	0	0	0
Pericytes	LGR5	receptors	WNT AMP	0	0	0
Pericytes	LGR6	receptors	WNT AMP	0	0	0
Pericytes	RSPO1	ligands	WNT AMP	0	0	0
Pericytes	RSPO2	ligands	WNT AMP	0	0	0
Pericytes	SHH	ligands	HEDGEHOG	0	0	0
Pericytes	TGFA	ligands	EGF	0	0	0
Pericytes	VEGFD	ligands	VEGF	0	0	0
Pericytes	WNT10A	ligands	WNT	0	0	0
Pericytes	WNT11	ligands	WNT	0	0	0
Pericytes	WNT2	ligands	WNT	0	0	0
Pericytes	WNT7A	ligands	WNT	0	0	0
Pericytes	WNT7B	ligands	WNT	0	0	0
MyoFBs 1	BMP7	ligands	BMP	0	0	0
MyoFBs 1	DHH	ligands	HEDGEHOG	0	0	0
MyoFBs 1	DLL3	ligands	NOTCH	0	0	0
MyoFBs 1	EFNA2	ligands	EPHRIN	0	0	0
MyoFBs 1	EFNA3	ligands	EPHRIN	0	0	0
MyoFBs 1	EFNA4	ligands	EPHRIN	0	0	0
MyoFBs 1	EFNA5	ligands	EPHRIN	0	0	0
MyoFBs 1	EFNB3	ligands	EPHRIN	0	0	0
MyoFBs 1	EGF	ligands	EGF	0	0	0
MyoFBs 1	EPHA7	receptors	EPHRIN	0	0	0
MyoFBs 1	EPHB1	receptors	EPHRIN	0	0	0
MyoFBs 1	FGF3	ligands	FGF	0	0	0
MyoFBs 1	FGFR2	receptors	FGF	0	0	0
MyoFBs 1	FLT4	receptors	VEGF	0	0	0
MyoFBs 1	FZD9	receptors	WNT	0	0	0
MyoFBs 1	IGF2	ligands	IGF	0	0	0
MyoFBs 1	LTA	ligands	TNFSF10	0	0	0
MyoFBs 1	RSPO1	ligands	WNT AMP	0	0	0
MyoFBs 1	RSPO2	ligands	WNT AMP	0	0	0
MyoFBs 1	SHH	ligands	HEDGEHOG	0	0	0
MyoFBs 1	VEGFD	ligands	VEGF	0	0	0
MyoFBs 1	WNT10A	ligands	WNT	0	0	0
MyoFBs 1	WNT10B	ligands	WNT	0	0	0
MyoFBs 1	WNT11	ligands	WNT	0	0	0
MyoFBs 1	WNT16	ligands	WNT	0	0	0
MyoFBs 1	WNT2	ligands	WNT	0	0	0
MyoFBs 1	WNT3A	ligands	WNT	0	0	0
MyoFBs 1	WNT4	ligands	WNT	0	0	0
MyoFBs 1	WNT5A	ligands	WNT	0	0	0
MyoFBs 1	WNT7A	ligands	WNT	0	0	0
MyoFBs 1	WNT7B	ligands	WNT	0	0	0
MyoFBs 2	ACVR1C	receptors	TGFB	0	0	0
MyoFBs 2	BMP2	ligands	BMP	0	0	0
MyoFBs 2	BMP6	ligands	BMP	0	0	0
MyoFBs 2	BMP7	ligands	BMP	0	0	0
MyoFBs 2	DHH	ligands	HEDGEHOG	0	0	0
MyoFBs 2	DLL1	ligands	NOTCH	0	0	0
MyoFBs 2	DLL3	ligands	NOTCH	0	0	0
MyoFBs 2	DLL4	ligands	NOTCH	0	0	0
MyoFBs 2	EFNA2	ligands	EPHRIN	0	0	0
MyoFBs 2	EFNA3	ligands	EPHRIN	0	0	0
MyoFBs 2	EFNA4	ligands	EPHRIN	0	0	0
MyoFBs 2	EFNB3	ligands	EPHRIN	0	0	0
MyoFBs 2	EGF	ligands	EGF	0	0	0
MyoFBs 2	EPHA1	receptors	EPHRIN	0	0	0
MyoFBs 2	EPHB1	receptors	EPHRIN	0	0	0
MyoFBs 2	ERBB3	receptors	EGF	0	0	0
MyoFBs 2	ERBB4	receptors	EGF	0	0	0
MyoFBs 2	FGF3	ligands	FGF	0	0	0
MyoFBs 2	FGF9	ligands	FGF	0	0	0
MyoFBs 2	FGFR3	receptors	FGF	0	0	0
MyoFBs 2	FGFR4	receptors	FGF	0	0	0
MyoFBs 2	FLT1	receptors	VEGF	0	0	0
MyoFBs 2	FLT4	receptors	VEGF	0	0	0
MyoFBs 2	FZD10	receptors	WNT	0	0	0
MyoFBs 2	FZD9	receptors	WNT	0	0	0
MyoFBs 2	IGF2	ligands	IGF	0	0	0
MyoFBs 2	IHH	ligands	HEDGEHOG	0	0	0
MyoFBs 2	INHBA	ligands	TGFB	0	0	0
MyoFBs 2	INHBB	ligands	TGFB	0	0	0
MyoFBs 2	JAG2	ligands	NOTCH	0	0	0
MyoFBs 2	KDR	receptors	VEGF	0	0	0
MyoFBs 2	LGR5	receptors	WNT AMP	0	0	0
MyoFBs 2	LGR6	receptors	WNT AMP	0	0	0
MyoFBs 2	LTA	ligands	TNFSF10	0	0	0
MyoFBs 2	NOTCH4	receptors	NOTCH	0	0	0
MyoFBs 2	RSPO1	ligands	WNT AMP	0	0	0
MyoFBs 2	RSPO2	ligands	WNT AMP	0	0	0
MyoFBs 2	SHH	ligands	HEDGEHOG	0	0	0
MyoFBs 2	TGFA	ligands	EGF	0	0	0
MyoFBs 2	TNFRSF10A	receptors	TRAIL	0	0	0
MyoFBs 2	VEGFD	ligands	VEGF	0	0	0
MyoFBs 2	WNT10A	ligands	WNT	0	0	0
MyoFBs 2	WNT10B	ligands	WNT	0	0	0
MyoFBs 2	WNT11	ligands	WNT	0	0	0
MyoFBs 2	WNT16	ligands	WNT	0	0	0
MyoFBs 2	WNT3	ligands	WNT	0	0	0
MyoFBs 2	WNT3A	ligands	WNT	0	0	0
MyoFBs 2	WNT7A	ligands	WNT	0	0	0
MyoFBs 2	WNT7B	ligands	WNT	0	0	0
Glia	ACVR1C	receptors	TGFB	0	0	0
Glia	BMP3	ligands	TGFB	0	0	0
Glia	BMP6	ligands	BMP	0	0	0
Glia	DLL3	ligands	NOTCH	0	0	0
Glia	DLL4	ligands	NOTCH	0	0	0
Glia	EFNA2	ligands	EPHRIN	0	0	0
Glia	EFNA4	ligands	EPHRIN	0	0	0
Glia	EFNB3	ligands	EPHRIN	0	0	0
Glia	EGF	ligands	EGF	0	0	0
Glia	EPHA1	receptors	EPHRIN	0	0	0
Glia	EPHA4	receptors	EPHRIN	0	0	0
Glia	EPHB1	receptors	EPHRIN	0	0	0
Glia	EPHB3	receptors	EPHRIN	0	0	0
Glia	EPHB6	receptors	EPHRIN	0	0	0
Glia	ERBB4	receptors	EGF	0	0	0
Glia	FGF10	ligands	FGF	0	0	0
Glia	FGF3	ligands	FGF	0	0	0
Glia	FGF9	ligands	FGF	0	0	0
Glia	FGFR2	receptors	FGF	0	0	0
Glia	FGFR3	receptors	FGF	0	0	0
Glia	FGFR4	receptors	FGF	0	0	0
Glia	FLT1	receptors	VEGF	0	0	0
Glia	FLT4	receptors	VEGF	0	0	0
Glia	FZD10	receptors	WNT	0	0	0
Glia	FZD6	receptors	WNT	0	0	0
Glia	FZD9	receptors	WNT	0	0	0
Glia	IGF1	ligands	IGF	0	0	0
Glia	IGF2	ligands	IGF	0	0	0
Glia	IHH	ligands	HEDGEHOG	0	0	0
Glia	INHBB	ligands	TGFB	0	0	0
Glia	JAG2	ligands	NOTCH	0	0	0
Glia	KDR	receptors	VEGF	0	0	0
Glia	LGR5	receptors	WNT AMP	0	0	0
Glia	LGR6	receptors	WNT AMP	0	0	0
Glia	LRRC32	ligands	TGFB	0	0	0
Glia	LTA	ligands	TNFSF10	0	0	0
Glia	MST1R	receptors	MST	0	0	0
Glia	RSPO1	ligands	WNT AMP	0	0	0
Glia	RSPO2	ligands	WNT AMP	0	0	0
Glia	TNFRSF10A	receptors	TRAIL	0	0	0
Glia	VEGFC	ligands	VEGF	0	0	0
Glia	VEGFD	ligands	VEGF	0	0	0
Glia	WNT10A	ligands	WNT	0	0	0
Glia	WNT10B	ligands	WNT	0	0	0
Glia	WNT11	ligands	WNT	0	0	0
Glia	WNT2	ligands	WNT	0	0	0
Glia	WNT3	ligands	WNT	0	0	0
Glia	WNT3A	ligands	WNT	0	0	0
Glia	WNT5B	ligands	WNT	0	0	0
Glia	WNT7A	ligands	WNT	0	0	0
Glia	WNT7B	ligands	WNT	0	0	0
Glia	WNT9A	ligands	WNT	0	0	0
Endothelial	BMP3	ligands	TGFB	0	0	0
Endothelial	BMPR1B	receptors	BMP	0	0	0
Endothelial	DLL3	ligands	NOTCH	0	0	0
Endothelial	EFNA4	ligands	EPHRIN	0	0	0
Endothelial	EGF	ligands	EGF	0	0	0
Endothelial	ERBB3	receptors	EGF	0	0	0
Endothelial	ERBB4	receptors	EGF	0	0	0
Endothelial	FGF3	ligands	FGF	0	0	0
Endothelial	FZD9	receptors	WNT	0	0	0
Endothelial	IGF2	ligands	IGF	0	0	0
Endothelial	INHBA	ligands	TGFB	0	0	0
Endothelial	LGR5	receptors	WNT AMP	0	0	0
Endothelial	LGR6	receptors	WNT AMP	0	0	0
Endothelial	RSPO1	ligands	WNT AMP	0	0	0
Endothelial	RSPO2	ligands	WNT AMP	0	0	0
Endothelial	SHH	ligands	HEDGEHOG	0	0	0
Endothelial	WNT10A	ligands	WNT	0	0	0
Endothelial	WNT10B	ligands	WNT	0	0	0
Endothelial	WNT11	ligands	WNT	0	0	0
Endothelial	WNT16	ligands	WNT	0	0	0
Endothelial	WNT3A	ligands	WNT	0	0	0
Endothelial	WNT7A	ligands	WNT	0	0	0
Endothelial	WNT7B	ligands	WNT	0	0	0
Endothelial	MST1R	receptors	MST	0.006601401719618527	0.006526809609792328	-7.459210982619854e-5
CCL FBs	DLL4	ligands	NOTCH	0.006478011033270517	0.006188814112142368	-2.8919692112814883e-4
MyoFBs 1	EPHA1	receptors	EPHRIN	0.0037066694147590657	0.003348537104154325	-3.5813231060474087e-4
MyoFBs 1	TGFA	ligands	EGF	0.0037066694147590657	0.003348537104154325	-3.5813231060474087e-4
MyoFBs 1	WNT5B	ligands	WNT	0.0037066694147590657	0.003348537104154325	-3.5813231060474087e-4
MyoFBs 1	EFNB1	ligands	EPHRIN	0.02594668590331346	0.025398528367283967	-5.481575360294921e-4
CCL FBs	RSPO1	ligands	WNT AMP	0.012956022066541034	0.012377628224284737	-5.783938422562977e-4
CB FBs	MST1	ligands	MST	0.01195081345793009	0.011363068533769595	-5.877449241604958e-4
MyoFBs 1	BMP6	ligands	BMP	0.0074133388295181315	0.00669707420830865	-7.162646212094817e-4
UC FBs	EFNB3	ligands	EPHRIN	0.025359043191217512	0.024453466846640844	-9.055763445766675e-4
UC FBs	LGR4	receptors	WNT AMP	0.025359043191217512	0.024453466846640844	-9.055763445766675e-4
CB FBs	EFNA3	ligands	EPHRIN	0.007967208971953394	0.006817841120261757	-0.0011493678516916375
CB FBs	PTCH2	receptors	HEDGEHOG	0.02390162691586018	0.02272613706753919	-0.0011754898483209916
MyoFBs 1	BMPR1A	receptors	BMP	0.03336002473283159	0.032095602575592616	-0.001264422157238973
Endothelial	FGFR4	receptors	FGF	0.006601401719618527	0.0052214476878338625	-0.0013799540317846644
Endothelial	WNT3	ligands	WNT	0.006601401719618527	0.0052214476878338625	-0.0013799540317846644
UC FBs	FLT1	receptors	VEGF	0.016906028794145007	0.015498625628721879	-0.001407403165423128
MyoFBs 1	EPHA4	receptors	EPHRIN	0.04077336356234972	0.03936167695615433	-0.0014116866061953948
Glia	BMPR1A	receptors	BMP	0.026157435444478804	0.024544650263398013	-0.0016127851810807912
CB FBs	ACVR1C	receptors	TGFB	0.003983604485976697	0.002272613706753919	-0.0017109907792227782
CB FBs	TGFA	ligands	EGF	0.003983604485976697	0.002272613706753919	-0.0017109907792227782
MyoFBs 1	TGFBR1	receptors	TGFB	0.0673499052713123	0.06558097361713587	-0.0017689316541764227
CB FBs	WNT9A	ligands	WNT	0.022248281671884432	0.02045352336078527	-0.0017947583110991608
CB FBs	ACVR1B	receptors	TGFB	0.03818269961579122	0.036361819308062704	-0.0018208803077285132
Endothelial	BMPR1A	receptors	BMP	0.013202803439237054	0.011206483149882724	-0.0019963202893543298
MyoFBs 1	PTCH2	receptors	HEDGEHOG	0.022240016488554393	0.02009122262492595	-0.0021487938636284426
CCL FBs	EPHB2	receptors	EPHRIN	0.008372707800131099	0.006188814112142368	-0.0021838936879887303
CB FBs	TGFB2	ligands	TGFB	0.05013351307372131	0.0477248878418323	-0.0024086252318890125
MyoFBs 1	WNT2B	ligands	WNT	0.011120008244277196	0.008655842846512343	-0.002464165397764853
CB FBs	FZD5	receptors	WNT	0.030215490643837824	0.027657538368445006	-0.0025579522753928184
Endothelial	NOTCH2	receptors	NOTCH	0.006601401719618527	0.0039160857658753975	-0.0026853159537431294
Endothelial	WNT4	ligands	WNT	0.006601401719618527	0.0039160857658753975	-0.0026853159537431294
Pericytes	ACVR1B	receptors	TGFB	0.08154672712469944	0.07841728550736889	-0.0031294416173305584
CCL FBs	EFNA2	ligands	EPHRIN	0.0032390055166352585	0	-0.0032390055166352585
CCL FBs	TGFA	ligands	EGF	0.0032390055166352585	0	-0.0032390055166352585
CCL FBs	WNT3	ligands	WNT	0.0032390055166352585	0	-0.0032390055166352585
CCL FBs	WNT3A	ligands	WNT	0.0032390055166352585	0	-0.0032390055166352585
CCL FBs	WNT9A	ligands	WNT	0.0032390055166352585	0	-0.0032390055166352585
MyoFBs 1	IGF1R	receptors	IGF	0.2277177065239936	0.22410566961235323	-0.0036120369116403594
MyoFBs 1	ACVR1C	receptors	TGFB	0.0037066694147590657	0	-0.0037066694147590657
MyoFBs 1	BMP3	ligands	TGFB	0.0037066694147590657	0	-0.0037066694147590657
MyoFBs 1	ERBB3	receptors	EGF	0.0037066694147590657	0	-0.0037066694147590657
MyoFBs 1	IHH	ligands	HEDGEHOG	0.0037066694147590657	0	-0.0037066694147590657
MyoFBs 1	MST1R	receptors	MST	0.0037066694147590657	0	-0.0037066694147590657
CCL FBs	NOTCH1	receptors	NOTCH	0.1028542557996395	0.09902102579427789	-0.003833230005361607
CB FBs	NOTCH4	receptors	NOTCH	0.003983604485976697	0	-0.003983604485976697
CB FBs	RSPO1	ligands	WNT AMP	0.003983604485976697	0	-0.003983604485976697
Endothelial	FGF10	ligands	FGF	0.006601401719618527	0.0026107238439169313	-0.003990677875701596
UC FBs	MET	receptors	HGF	0.016906028794145007	0.01289576149878968	-0.004010267295355327
Endothelial	DLL4	ligands	NOTCH	0.2998136543907535	0.29576686438477556	-0.004046790005977963
Endothelial	EPHB3	receptors	EPHRIN	0.013202803439237054	0.00913753345370926	-0.004065269985527795
MyoFBs 1	FZD10	receptors	WNT	0.024408279098758482	0.02009122262492595	-0.004317056473832532
MyoFBs 1	FGFR4	receptors	FGF	0.011120008244277196	0.00669707420830865	-0.004422934035968547
CB FBs	WNT11	ligands	WNT	0.01593441794390679	0.011363068533769595	-0.004571349410137194
CCL FBs	ACVR2B	receptors	TGFB	0.04210707171625836	0.037132884672854215	-0.004974187043404146
UC FBs	ACVR2B	receptors	TGFB	0.050718086382435024	0.04568299331858427	-0.0050350930638507554
Endothelial	BMP2	ligands	BMP	0.12767011906620693	0.12254868318444324	-0.0051214358817636835
CCL FBs	BMP3	ligands	TGFB	0.00513370228349584	0	-0.00513370228349584
UC FBs	LTA	ligands	TNFSF10	0.008453014397072503	0.00322394037469742	-0.005229074022375083
Endothelial	PTCH2	receptors	HEDGEHOG	0.013202803439237054	0.007832171531750795	-0.005370631907486259
CB FBs	FGFR4	receptors	FGF	0.03186883588781358	0.026328144571369057	-0.00554069131644452
CB FBs	DLL4	ligands	NOTCH	0.007967208971953394	0.002272613706753919	-0.0056945952651994754
CB FBs	MET	receptors	HGF	0.007967208971953394	0.002272613706753919	-0.0056945952651994754
Endothelial	EGFR	receptors	EGF	0.026405606878474108	0.020344016603591985	-0.006061590274882123
CCL FBs	FGFR4	receptors	FGF	0.33508852213496665	0.3289579428456672	-0.006130579289299443
CB FBs	WNT3	ligands	WNT	0.006313863727977642	0	-0.006313863727977642
CCL FBs	MET	receptors	HGF	0.006478011033270517	0	-0.006478011033270517
CCL FBs	WNT11	ligands	WNT	0.006478011033270517	0	-0.006478011033270517
MyoFBs 1	EREG	ligands	EGF	0.013288270854481286	0.00669707420830865	-0.006591196646172636
Endothelial	EFNA2	ligands	EPHRIN	0.006601401719618527	0	-0.006601401719618527
Endothelial	TGFA	ligands	EGF	0.006601401719618527	0	-0.006601401719618527
CB FBs	EFNA1	ligands	EPHRIN	0.01593441794390679	0.009090454827015676	-0.006843963116891113
Glia	EPHB2	receptors	EPHRIN	0.016503504299046318	0.009495166856985551	-0.007008337442060766
Glia	TGFB3	ligands	TGFB	0.016503504299046318	0.009495166856985551	-0.007008337442060766
CCL FBs	EPHB6	receptors	EPHRIN	0.01943403309981155	0.012377628224284737	-0.007056404875526815
MyoFBs 1	LGR4	receptors	WNT AMP	0.039234956757794745	0.032095602575592616	-0.007139354182202129
CB FBs	IHH	ligands	HEDGEHOG	0.01195081345793009	0.004545227413507838	-0.007405586044422253
CB FBs	TNFRSF10A	receptors	TRAIL	0.01195081345793009	0.004545227413507838	-0.007405586044422253
MyoFBs 1	EPHB3	receptors	EPHRIN	0.0074133388295181315	0	-0.0074133388295181315
MyoFBs 1	FGFR3	receptors	FGF	0.011120008244277196	0.003348537104154325	-0.007771471140122872
UC FBs	EPHB2	receptors	EPHRIN	0.03875675402863348	0.030901347596035685	-0.007855406432597797
CB FBs	WNT6	ligands	WNT	0.007967208971953394	0	-0.007967208971953394
UC FBs	EPHB1	receptors	EPHRIN	0.008453014397072503	0	-0.008453014397072503
UC FBs	ERBB3	receptors	EGF	0.008453014397072503	0	-0.008453014397072503
UC FBs	FGFR3	receptors	FGF	0.008453014397072503	0	-0.008453014397072503
UC FBs	LGR6	receptors	WNT AMP	0.008453014397072503	0	-0.008453014397072503
UC FBs	SHH	ligands	HEDGEHOG	0.008453014397072503	0	-0.008453014397072503
UC FBs	TGFA	ligands	EGF	0.008453014397072503	0	-0.008453014397072503
Endothelial	EPHB6	receptors	EPHRIN	0.01706437589741005	0.008595759305965794	-0.008468616591444255
CB FBs	FGF10	ligands	FGF	0.09793676690544167	0.0894042823381988	-0.00853248456724287
CB FBs	BMP3	ligands	TGFB	0.01593441794390679	0.006817841120261757	-0.009116576823645032
CB FBs	FGFR2	receptors	FGF	0.01593441794390679	0.006817841120261757	-0.009116576823645032
MyoFBs 1	FZD1	receptors	WNT	0.048186702391867856	0.03879267678390127	-0.009394025607966587
CB FBs	FGFR3	receptors	FGF	0.01195081345793009	0.002272613706753919	-0.009678199751176172
CCL FBs	EPHA4	receptors	EPHRIN	0.009717016549905776	0	-0.009717016549905776
Glia	MET	receptors	HGF	0.049510512897138946	0.039594133669810475	-0.009916379227328471
Endothelial	WNT9A	ligands	WNT	0.013202803439237054	0.0026107238439169313	-0.010592079595320122
CCL FBs	EGFR	receptors	EGF	0.24079245769218935	0.22957243495745844	-0.011220022734730911
CB FBs	EPHA7	receptors	EPHRIN	0.01593441794390679	0.004545227413507838	-0.011389190530398951
CB FBs	EFNB2	ligands	EPHRIN	0.043819649345743665	0.031816591894554866	-0.012003057451188799
UC FBs	EFNA1	ligands	EPHRIN	0.03875675402863348	0.02633935107039975	-0.012417402958233733
UC FBs	EPHA4	receptors	EPHRIN	0.025359043191217512	0.01289576149878968	-0.012463281692427832
UC FBs	MST1R	receptors	MST	0.033812057588290013	0.021229526471943424	-0.01258253111634659
Pericytes	MST1	ligands	MST	0.04077336356234972	0.027837236167066074	-0.012936127395283648
CCL FBs	EREG	ligands	EGF	0.012956022066541034	0	-0.012956022066541034
CCL FBs	TGFB3	ligands	TGFB	0.012956022066541034	0	-0.012956022066541034
UC FBs	ACVR1B	receptors	TGFB	0.050718086382435024	0.03734922834543052	-0.013368858037004501
MyoFBs 1	PTCH1	receptors	HEDGEHOG	0.08371498973490353	0.06949851089354325	-0.014216478841360278
UC FBs	TGFB1	ligands	TGFB	0.2022367845402399	0.1878417978727934	-0.014394986667446513
UC FBs	MST1	ligands	MST	0.033812057588290013	0.01934364224818452	-0.014468415340105494
UC FBs	FGF7	ligands	FGF	0.20661819582851784	0.19197145221919007	-0.014646743609327773
Pericytes	TGFBR1	receptors	TGFB	0.18694434296164386	0.1709670224899126	-0.015977320471731254
MyoFBs 1	WNT6	ligands	WNT	0.03672156836610632	0.020660222797179013	-0.01606134556892731
MyoFBs 1	AREG	ligands	EGF	0.051203120243658244	0.03513235938439636	-0.016070760859261887
Endothelial	VEGFB	ligands	VEGF	0.16840027258064555	0.15221109055826776	-0.01618918202237779
Glia	BMP2	ligands	BMP	0.016503504299046318	0	-0.016503504299046318
Glia	EFNA3	ligands	EPHRIN	0.016503504299046318	0	-0.016503504299046318
Glia	EGFR	receptors	EGF	0.016503504299046318	0	-0.016503504299046318
Glia	SHH	ligands	HEDGEHOG	0.016503504299046318	0	-0.016503504299046318
Glia	FGFR1	receptors	FGF	0.026157435444478804	0.009495166856985551	-0.016662268587493253
Glia	WNT2B	ligands	WNT	0.026157435444478804	0.009495166856985551	-0.016662268587493253
UC FBs	EGFR	receptors	EGF	0.22903220621507187	0.21229526471943425	-0.01673694149563762
CCL FBs	FGFR3	receptors	FGF	0.029151049649717323	0.012377628224284737	-0.01677342142543259
UC FBs	LGR5	receptors	WNT AMP	0.016906028794145007	0	-0.016906028794145007
UC FBs	WNT3	ligands	WNT	0.016906028794145007	0	-0.016906028794145007
CCL FBs	JAG1	ligands	NOTCH	0.035629060682987844	0.018566442336427107	-0.017062618346560737
CB FBs	WNT5B	ligands	WNT	0.042166304101767915	0.02499875077429311	-0.017167553327474806
MyoFBs 1	FZD6	receptors	WNT	0.07413338829518132	0.05692513077062353	-0.01720825752455779
CB FBs	TNFRSF10B	receptors	TRAIL	0.07403513998958149	0.056815342668847975	-0.01721979732073351
Glia	FGF7	ligands	FGF	0.033007008598092635	0.015049483406412463	-0.017957525191680174
MyoFBs 1	EFNA1	ligands	EPHRIN	0.06888831207586726	0.050797056734567934	-0.01809125534129933
Glia	FZD1	receptors	WNT	0.05231487088895761	0.034039817120383564	-0.018275053768574044
UC FBs	BMPR2	receptors	BMP	0.3993773784938125	0.3810463181482227	-0.01833106034558979
MyoFBs 1	TNFSF10	ligands	TRAIL	0.03182161792827661	0.0133941484166173	-0.018427469511659314
CCL FBs	BMP2	ligands	BMP	0.04076276296648368	0.02218666651596429	-0.01857609645051939
CB FBs	HBEGF	ligands	EGF	0.07599448819056191	0.05720151655624595	-0.01879297163431596
UC FBs	FZD3	receptors	WNT	0.03875675402863348	0.019891470321004908	-0.018865283707628574
CCL FBs	EFNA1	ligands	EPHRIN	0.04400176848311894	0.024755256448569473	-0.019246512034549464
Pericytes	VEGFC	ligands	VEGF	0.04077336356234972	0.02111443924509149	-0.01965892431725823
Endothelial	FZD10	receptors	WNT	0.01980420515885558	0	-0.01980420515885558
CB FBs	NOTCH1	receptors	NOTCH	0.05178685831769706	0.031816591894554866	-0.019970266423142195
MyoFBs 1	BMP2	ligands	BMP	0.10099466002830866	0.08093389067195686	-0.0200607693563518
CB FBs	PTCH1	receptors	HEDGEHOG	0.25458626177056737	0.23391648924868835	-0.020669772521879015
Glia	EFNB1	ligands	EPHRIN	0.049510512897138946	0.028485500570956654	-0.021025012326182292
Glia	FZD4	receptors	WNT	0.049510512897138946	0.028485500570956654	-0.021025012326182292
Endothelial	EFNB2	ligands	EPHRIN	0.7376056895047182	0.7160943319772202	-0.021511357527498
MyoFBs 1	HBEGF	ligands	EGF	0.09448987219769639	0.07227804782544452	-0.022211824372251873
CB FBs	FZD6	receptors	WNT	0.035852440373790276	0.013635682240523514	-0.022216758133266762
CCL FBs	FZD7	receptors	WNT	0.14092840126657383	0.118639102377637	-0.022289298888936826
MyoFBs 1	FGF10	ligands	FGF	0.02811494851351755	0.005307305742358018	-0.02280764277115953
UC FBs	NOTCH2	receptors	NOTCH	0.18389437726248048	0.16095461872957326	-0.022939758532907223
Endothelial	TGFB2	ligands	TGFB	0.03960841031771116	0.01664974446418812	-0.02295866585352304
CCL FBs	FZD4	receptors	WNT	0.06667480709956575	0.04332169878499658	-0.023353108314569167
UC FBs	TNFRSF10A	receptors	TRAIL	0.042265071985362515	0.018005586097246003	-0.02425948588811651
MyoFBs 1	FZD7	receptors	WNT	0.19372782598551289	0.16945108777528398	-0.02427673821022891
CB FBs	BMPR2	receptors	BMP	0.3303461407972198	0.305562315849971	-0.02478382494724879
Endothelial	TGFB3	ligands	TGFB	0.052811213756948215	0.027856227614070844	-0.02495498614287737
Endothelial	LGR4	receptors	WNT AMP	0.033007008598092635	0.007832171531750795	-0.02517483706634184
CB FBs	FGF7	ligands	FGF	0.6506895018200487	0.6253740988834204	-0.025315402936628262
CCL FBs	LRRC32	ligands	TGFB	0.21811941907574253	0.19243955028460424	-0.02567986879113829
CCL FBs	EPHB4	receptors	EPHRIN	0.032390055166352585	0.006188814112142368	-0.026201241054210216
CB FBs	ERBB2	receptors	EGF	0.05577046280367376	0.029543978187800947	-0.026226484615872812
CB FBs	BTC	ligands	EGF	0.026231886157861126	0	-0.026231886157861126
CAFs	TNFRSF1A	receptors	TNFSF10	0.6931471805599453	0.6664858108410975	-0.026661369718847805
Endothelial	PTCH1	receptors	HEDGEHOG	0.10014276899100537	0.07300212073487368	-0.02714064825613169
Endothelial	FZD5	receptors	WNT	0.046209812037329684	0.01903865468163352	-0.027171157355696165
CB FBs	ACVR2B	receptors	TGFB	0.04780325383172036	0.02045352336078527	-0.027349730470935092
Glia	PTCH2	receptors	HEDGEHOG	0.04266093974352512	0.015049483406412463	-0.027611456337112657
Pericytes	EPHB6	receptors	EPHRIN	0.12232009068704917	0.09370508667110511	-0.028615004015944065
Glia	EFNB2	ligands	EPHRIN	0.07847230633343641	0.049089300526796026	-0.029383005806640383
CB FBs	EFNB1	ligands	EPHRIN	0.07403513998958149	0.04450905422540041	-0.029526085764181073
CCL FBs	PTCH2	receptors	HEDGEHOG	0.05182408826616414	0.02218666651596429	-0.029637421750199847
Pericytes	BTC	ligands	EGF	0.04077336356234972	0.011134894466826431	-0.02963846909552329
CCL FBs	NOTCH3	receptors	NOTCH	0.02970143766680323	0	-0.02970143766680323
CCL FBs	EFNB1	ligands	EPHRIN	0.14496132751589785	0.11501887819809982	-0.029942449317798034
Pericytes	PTCH2	receptors	HEDGEHOG	0.04077336356234972	0.008351170850119823	-0.0324221927122299
Pericytes	WNT9A	ligands	WNT	0.04077336356234972	0.008351170850119823	-0.0324221927122299
CB FBs	TGFBR1	receptors	TGFB	0.20053405229488525	0.16800254216490798	-0.032531510129977265
Endothelial	TGFBR1	receptors	TGFB	0.1518322395512261	0.1189116016298915	-0.032920637921334595
Glia	NOTCH4	receptors	NOTCH	0.033007008598092635	0	-0.033007008598092635
UC FBs	FZD4	receptors	WNT	0.05566278282277849	0.02256758262288194	-0.03309520019989655
Endothelial	FGF2	ligands	FGF	0.14573792844607247	0.11260873090717297	-0.03312919753889951
Pericytes	EFNB1	ligands	EPHRIN	0.14617097939929413	0.11203580229948999	-0.03413517709980414
MyoFBs 1	EPHA3	receptors	EPHRIN	0.20918435945019825	0.17418939334538894	-0.034994966104809316
Endothelial	TGFB1	ligands	TGFB	0.2498605796095228	0.21464877444640482	-0.035211805163117976
MyoFBs 1	FZD8	receptors	WNT	0.0673499052713123	0.032095602575592616	-0.03525430269571968
CCL FBs	RSPO3	ligands	WNT AMP	0.07963082916610678	0.04437333303192858	-0.0352574961341782
Glia	ERBB2	receptors	EGF	0.11147931493152904	0.07596133485588441	-0.035517980075644634
CB FBs	TNFRSF1B	receptors	TNFSF10	0.08433260820353583	0.04678166793215433	-0.0375509402713815
MyoFBs 2	NOTCH1	receptors	NOTCH	0.17328679513998632	0.1347786184422116	-0.03850817669777473
Pericytes	EGFR	receptors	EGF	0.18694434296164386	0.1468550262364727	-0.04008931672517116
CCL FBs	TGFB1	ligands	TGFB	0.1579173495824389	0.117587468130705	-0.040329881451733884
CAFs	LTBP1	ligands	TGFB	0.6931471805599453	0.6519998277895587	-0.041147352770386614
CB FBs	FZD1	receptors	WNT	0.1756559941330745	0.13335629054131923	-0.04229970359175528
CCL FBs	WNT4	ligands	WNT	0.419668638240712	0.37594335625872416	-0.04372528198198783
MyoFBs 1	EFNB2	ligands	EPHRIN	0.08651310815075673	0.04214121388805559	-0.04437189426270114
Endothelial	EFNA5	ligands	EPHRIN	0.058797962894304154	0.012932077748515784	-0.04586588514578837
Endothelial	VEGFA	ligands	VEGF	0.09354136727138683	0.0455895203737459	-0.04795184689764093
UC FBs	PTCH2	receptors	HEDGEHOG	0.064115797219851	0.0161197018734871	-0.0479960953463639
MyoFBs 2	FZD3	receptors	WNT	0.17328679513998632	0.1251515742677679	-0.048135220872218415
MyoFBs 1	EPHB6	receptors	EPHRIN	0.14798808139710587	0.09906634465867913	-0.048921736738426744
CB FBs	AREG	ligands	EGF	0.06425268418188972	0.014021856127921494	-0.050230828053968224
Endothelial	IGF1	ligands	IGF	0.05725016356575392	0.006526809609792328	-0.05072335395596159
CCL FBs	TNFRSF1B	receptors	TNFSF10	0.163299858008546	0.11139865401856264	-0.05190120398998335
UC FBs	ERBB2	receptors	EGF	0.11977858004262948	0.06691251979052769	-0.05286606025210179
CB FBs	VEGFC	ligands	VEGF	0.06441458577365235	0.011363068533769595	-0.05305151723988275
Glia	NOTCH2	receptors	NOTCH	0.14448632352962168	0.09101081826229687	-0.05347550526732481
UC FBs	EPHB6	receptors	EPHRIN	0.06762411517658003	0.01289576149878968	-0.054728353677790345
Glia	AREG	ligands	EGF	0.08899213376865163	0.034039817120383564	-0.054952316648268065
CB FBs	FGF2	ligands	FGF	0.22106408063877805	0.16555905632327206	-0.055505024315505996
CB FBs	FGF9	ligands	FGF	0.07238179474560574	0.01629446983467541	-0.05608732491093033
CCL FBs	NOTCH2	receptors	NOTCH	0.20870398440031138	0.15215176287095403	-0.05655222152935735
MyoFBs 1	LGR6	receptors	WNT AMP	0.09917152319958891	0.04214121388805559	-0.05703030931153332
Glia	IGF1R	receptors	IGF	0.17749333212771432	0.11949631883325354	-0.057997013294460775
MyoFBs 1	FGFR1	receptors	FGF	0.16715128427655032	0.10829118767744453	-0.05886009659910579
CCL FBs	FZD5	receptors	WNT	0.07235889740014749	0.012377628224284737	-0.05998126917586275
Endothelial	EFNA1	ligands	EPHRIN	0.6235426306931252	0.5627354993938664	-0.060807131299258854
Endothelial	EPHA2	receptors	EPHRIN	0.24538435456908722	0.18332008831940166	-0.06206426624968556
CCL FBs	EFNB2	ligands	EPHRIN	0.07559790291678276	0.012377628224284737	-0.06322027469249802
CB FBs	DLL1	ligands	NOTCH	0.11883770629035502	0.05527434716312425	-0.06356335912723077
UC FBs	IGF1	ligands	IGF	0.14272213648065074	0.07713216898744034	-0.0655899674932104
CB FBs	WNT10B	ligands	WNT	0.07238179474560574	0.004545227413507838	-0.0678365673320979
Pericytes	FZD3	receptors	WNT	0.10539761583694442	0.0361884070171859	-0.06920920881975852
Pericytes	TGFBR2	receptors	TGFB	0.45163902945165946	0.37553920499696813	-0.07609982445469132
Pericytes	TNFSF10	ligands	TRAIL	0.10539761583694442	0.028733395007685392	-0.07666422082925903
CCL FBs	WNT2B	ligands	WNT	0.8016032053302211	0.7218185730237295	-0.07978463230649158
MyoFBs 1	BTC	ligands	EGF	0.14120459837323684	0.06084266804703091	-0.08036193032620594
Pericytes	WNT2B	ligands	WNT	0.14617097939929413	0.0642394765758938	-0.08193150282340034
Glia	BMPR2	receptors	BMP	0.2241994870330346	0.13848665254722464	-0.08571283448580996
UC FBs	EREG	ligands	EGF	0.10559381406938947	0.019486766241983377	-0.0861070478274061
CB FBs	BMP7	ligands	BMP	0.088921732894442565	0.002272613706753919	-0.08664911918768864
Pericytes	EPHA2	receptors	EPHRIN	0.19387275682378408	0.10604522046504133	-0.08782753635874274
CCL FBs	DLL1	ligands	NOTCH	0.4764783694620239	0.38756064690854186	-0.08891772255348201
UC FBs	WNT5B	ligands	WNT	0.4126373575431948	0.3208240791123876	-0.09181327843080722
MyoFBs 1	TGFBR2	receptors	TGFB	0.38108494776368684	0.288614106814347	-0.09247084094933983
MyoFBs 1	VEGFB	ligands	VEGF	0.3948689908005439	0.2953111810226557	-0.0995578097778882
Pericytes	VEGFA	ligands	VEGF	0.3638946249353232	0.2642685365287959	-0.09962608840652731
CCL FBs	TNFRSF1A	receptors	TNFSF10	0.5664927015128659	0.4660228772296586	-0.10046982428320728
UC FBs	TNF	ligands	TNFSF10	0.12171278772771045	0.019891470321004908	-0.10182131740670554
MyoFBs 1	EGFR	receptors	EGF	0.29752060442967476	0.19093207886616057	-0.1065885255635142
Pericytes	HGF	ligands	HGF	0.21079523167388883	0.10278847260875085	-0.10800675906513799
Glia	FST	ligands	TGFB	0.40139704487506894	0.29169790457459716	-0.10969914030047179
Pericytes	EPHA3	receptors	EPHRIN	0.5501082314264637	0.43864758914871493	-0.11146064227774877
UC FBs	TNFRSF1B	receptors	TNFSF10	0.164764914848897	0.04890693369328169	-0.1158579811556153
Endothelial	IGF1R	receptors	IGF	0.3461417761423552	0.22999315698863448	-0.11614861915372071
MyoFBs 1	FZD3	receptors	WNT	0.2402919057601619	0.1183367989899075	-0.12195510677025441
Pericytes	EFNB2	ligands	EPHRIN	0.1700218681115391	0.04706411063607028	-0.12295775747546883
MyoFBs 2	WNT2B	ligands	WNT	0.17328679513998632	0.044139636532610355	-0.12914715860737597
Pericytes	FGF2	ligands	FGF	0.20386681781174862	0.07284983827395566	-0.13101697953779295
MyoFBs 2	LGR4	receptors	WNT AMP	0.17328679513998632	0.03850817669777474	-0.1347786184422116
MyoFBs 2	PTCH1	receptors	HEDGEHOG	0.17328679513998632	0.03850817669777474	-0.1347786184422116
CB FBs	IGF1R	receptors	IGF	0.272915847040491	0.13164072285684528	-0.1412751241836457
UC FBs	PTCH1	receptors	HEDGEHOG	1.0634842317316615	0.9203256163243357	-0.14315861540732577
MyoFBs 2	LRRC32	ligands	TGFB	0.17328679513998632	0.028881132523331052	-0.14440566261665527
UC FBs	FGF9	ligands	FGF	0.34194843226562815	0.19319927137598839	-0.14874916088963977
CAFs	BMPR2	receptors	BMP	0.6931471805599453	0.5350698897077657	-0.15807729085217959
MyoFBs 2	VEGFB	ligands	VEGF	0.7945134575869864	0.6250497117866282	-0.16946374580035828
CB FBs	EPHB6	receptors	EPHRIN	0.18828372158902978	0.01629446983467541	-0.17198925175435437
MyoFBs 2	AREG	ligands	EGF	0.17328679513998632	0	-0.17328679513998632
UC FBs	HBEGF	ligands	EGF	0.24450185652560244	0.0706842882380455	-0.17381756828755696
Endothelial	TNFSF10	ligands	TRAIL	1.105010262296223	0.9306954227350482	-0.17431483956117477
Pericytes	FZD7	receptors	WNT	0.2684910700863433	0.08372554189284004	-0.18476552819350328
UC FBs	FST	ligands	TGFB	0.3159094033001969	0.13024200519906354	-0.18566739810113336
UC FBs	LTBP1	ligands	TGFB	0.5052820488734133	0.3192292171914324	-0.18605283168198095
CB FBs	FGFR1	receptors	FGF	0.4432408944006177	0.251190459022759	-0.1920504353778587
Pericytes	BMP2	ligands	BMP	0.359105484259705	0.16577735240123462	-0.1933281318584704
UC FBs	AREG	ligands	EGF	0.34100385921356213	0.14662947382520866	-0.19437438538835347
CB FBs	FST	ligands	TGFB	0.291187009935478	0.08846106242852082	-0.20272594750695722
CB FBs	VEGFD	ligands	VEGF	0.24804558836681126	0.03314598569163082	-0.21489960267518043
MyoFBs 2	BTC	ligands	EGF	0.27465307216702745	0.057762265046662105	-0.21689080712036535
CB FBs	BMP4	ligands	BMP	0.46363462086739954	0.24643362990060336	-0.21720099096679618
CB FBs	VEGFA	ligands	VEGF	0.40958241139171736	0.18884223941309125	-0.2207401719786261
CB FBs	EGFR	receptors	EGF	0.4503757734918626	0.22713492815814385	-0.22324084533371874
Pericytes	PTCH1	receptors	HEDGEHOG	0.3738886859232877	0.15006641663646295	-0.22382226928682478
UC FBs	BMP2	ligands	BMP	0.5615890748014796	0.3199934784615078	-0.2415955963399718
CAFs	FZD1	receptors	WNT	0.6931471805599453	0.4510350766575921	-0.24211210390235316
CCL FBs	PTCH1	receptors	HEDGEHOG	0.7121608931231223	0.4600791150969553	-0.25208177802616694
MyoFBs 2	WNT5B	ligands	WNT	0.27465307216702745	0.01925408834888737	-0.2553989838181401
UC FBs	VEGFA	ligands	VEGF	0.8055644432675199	0.545750741555505	-0.2598137017120149
CAFs	TGFBR2	receptors	TGFB	0.6931471805599453	0.42471143092394975	-0.26843574963599554
CB FBs	WNT2B	ligands	WNT	0.5308111180237816	0.25644562903495477	-0.2743654889888268
Endothelial	TGFBR2	receptors	TGFB	1.9191938996413438	1.6232289092840224	-0.2959649903573214
Endothelial	FLT1	receptors	VEGF	1.2538599207417314	0.9538703779612842	-0.2999895427804472
Glia	TGFBR2	receptors	TGFB	0.7513988538833344	0.40453695513704413	-0.34686189874629025
CAFs	FGFR1	receptors	FGF	0.6931471805599453	0.34434949295541056	-0.3487976876045347
Glia	TNFSF10	ligands	TRAIL	0.37362379138041985	0.024544650263398013	-0.3490791411170218
CAFs	NOTCH2	receptors	NOTCH	0.6931471805599453	0.2874701428070285	-0.4056770377529168
CB FBs	RSPO3	ligands	WNT AMP	0.7567631787773373	0.1776944726318376	-0.5790687061454998
CAFs	HBEGF	ligands	EGF	0.6931471805599453	0.09145490154287564	-0.6016922790170697
CAFs	BMPR1A	receptors	BMP	0.6931471805599453	0.08657620173526726	-0.606570978824678
CAFs	EFNA5	ligands	EPHRIN	0.6931471805599453	0.027138348485751838	-0.6660088320741935
CAFs	FZD5	receptors	WNT	0.6931471805599453	0.020425058601394014	-0.6727221219585513
CAFs	FGF7	ligands	FGF	1.3862943611198906	0.6954166988463654	-0.6908776622735252
CAFs	DLL4	ligands	NOTCH	0.6931471805599453	0.001678322471089456	-0.6914688580888558
CAFs	VEGFA	ligands	VEGF	1.0986122886681098	0.31191297626824366	-0.7866993123998661
CAFs	FGF2	ligands	FGF	1.0986122886681098	0.15145507981501377	-0.947157208853096
CAFs	DLL1	ligands	NOTCH	1.3862943611198906	0.20428927113385087	-1.1820050899860397
CAFs	FZD7	receptors	WNT	1.3862943611198906	0.1931988954776984	-1.1930954656421922
CAFs	RSPO3	ligands	WNT AMP	1.3862943611198906	0.17284260073713173	-1.2134517603827588
CAFs	TNFSF10	ligands	TRAIL	1.9459101490553132	0.31188840018988584	-1.6340217488654274
